artist_name,track_name,track_id,album_name,album_id,release_date,popularity,explicit,danceability,energy,key,loudness,mode,speechiness,acousticness,instrumentalness,liveness,valence,tempo,time_signature,featured_artists,type,duration,year,month,day_of_the_week
Burna Boy,#Yawadey,0rDedYRMG0a9cXkdZMeutG,L.I.F.E - Leaving an Impact for Eternity (Deluxe Edition),5t1QPMQ3ssvP9gLLRPIckA,2013-08-12,38.0,False,0.799,0.587,F#/Gb,-10.005,Major,0.0647,0.0134,0.000149,0.0582,0.737,102.988,4.0,,Album,03:57,2013,August,Monday
Burna Boy,12 Jewels (feat. RZA),3Mg8Wwxis5tw3hCHrVXeiD,I Told Them...,1JzjwUKkPsdHg1SQ7qa5hc,2023-08-24,4.0,False,0.617,0.535,F#/Gb,-15.861,Minor,0.88,0.86,0.0,0.611,0.35,88.986,4.0,RZA,Album,00:27,2023,August,Thursday
Burna Boy,20 10 20,75TQhs2vu3622WqG8ZG3n2,20 10 20,7scvLtBTt1vwk3GZyK32HZ,2020-10-29,40.0,False,0.823,0.466,F#/Gb,-12.898,Minor,0.258,0.149,0.00337,0.113,0.59,98.01,4.0,,Single,03:33,2020,October,Thursday
Burna Boy,23,7EqoATlXAKNwzv45LAlqRt,Twice As Tall,218CJKDCszsQQj7Amk7vIu,2020-08-13,50.0,True,0.738,0.53,F,-8.89,Minor,0.113,0.16,0.0805,0.0973,0.533,102.891,4.0,,Album,04:05,2020,August,Thursday
Burna Boy,34,4tAu3VX39NHecJzJfP6dQ9,Steel & Copper,7z1KSudQMWVOFpSjhxL6Qm,2019-03-21,16.0,True,0.785,0.689,F#/Gb,-6.374,Minor,0.311,0.0555,0.0064,0.107,0.321,145.018,4.0,DJDS,EP,02:40,2019,March,Thursday
Praiz,69 (feat. Burna Boy & Ikechukwu),0KyBUcg6j5xXr21xnQU3JN,69 (feat. Burna Boy & Ikechukwu),2VaCidKCx8RMytYeiuHKYz,2016-10-01,17.0,True,0.668,0.452,C,-7.545,Major,0.032,0.0387,0.00342,0.109,0.0389,130.072,4.0,"Burna Boy, Ikechukwu",Feature,04:06,2016,October,Saturday
Popcaan,Aboboyaa (feat. Burna Boy),2KEMHoK7Tz7rlTUalQXMUk,Great Is He,5DVnzAiFpPirUnh3QPv1ZR,2023-01-27,40.0,True,0.634,0.833,G,-5.1,Major,0.25,0.297,0.0,0.367,0.714,96.881,4.0,Burna Boy,Feature,02:46,2023,January,Friday
Sauti Sol,Afrikan Star,5LpDO55Hivc0DyKDMu7GsP,Afrikan Sauce,3lVYhpsc6SAnMhagWrbwkm,2019-01-31,0.0,False,0.778,0.635,G,-9.641,Major,0.385,0.368,0.0,0.27,0.875,94.943,4.0,Burna Boy,Feature,03:14,2019,January,Thursday
Burna Boy,Alarm Clock,2ItiM4zjvjHmQSXruCb9zA,Twice As Tall,4moiYbxseWbPD2moVhOYje,2020-08-12,28.0,False,0.797,0.714,C#/Db,-8.054,Major,0.0683,0.07,0.285,0.154,0.424,104.997,4.0,,Album,02:12,2020,August,Wednesday
AKA,"All Eyes on Me (feat. Burna Boy, Da L.E.S. & JR)",6oAWlzrEbXFis7Z0kyeX0h,Levels (Explicit),2vaRvfNXHyrXOQ8Aw6MEXe,2014-07-07,48.0,False,0.7,0.684,C#/Db,-6.393,Major,0.0725,0.0143,0.0,0.073,0.48,95.169,4.0,"Burna Boy, Da Les, JR",Feature,04:18,2014,July,Monday
AKA,"All Eyes on Me (feat. Burna Boy, Stonebwoy & Redsan) - Fahrenheitz Remix",1bjKvHhCmLMZjFQs2y6Wk3,"All Eyes on Me (feat. Burna Boy, Stonebwoy & Redsan) [Fahrenheitz Remix]",49COI4ESIudt1Ijh0AigGz,2015-08-19,14.0,True,0.508,0.784,C#/Db,-2.696,Minor,0.289,0.0349,0.0,0.17,0.71,196.452,4.0,"Burna Boy, Stonebwoy, Redsan",Feature,04:12,2015,August,Wednesday
Wretch 32,All In,17aMSN5jJ5NAsMtOmV5axg,Upon Reflection,06r0oFnmu643j3jLokv4SA,2019-10-17,23.0,True,0.697,0.665,F#/Gb,-8.913,Minor,0.302,0.118,0.0,0.118,0.202,94.002,4.0,Burna Boy,Feature,03:17,2019,October,Thursday
Lil Durk,All My Life (Burna Boy Remix),6vyM1yoPhhdezAcW8CmCJq,All My Life (Remixes) (feat. Burna Boy),11OlFW8YpwZTlhAdc0NCV7,2023-10-13,51.0,True,0.787,0.601,D#/Eb,-5.892,Major,0.226,0.071,0.0,0.139,0.698,142.945,4.0,"Burna Boy, J. Cole",Feature,04:24,2023,October,Friday
Major Lazer,All My Life (feat. Burna Boy),0hPNfDQW0AHa1kaAknRanK,All My Life (feat. Burna Boy),1lmu58EGradzCQ3mJAxUSG,2018-09-13,35.0,False,0.428,0.904,F,-4.189,Major,0.261,0.0404,4.1e-06,0.0754,0.834,199.869,4.0,Burna Boy,Feature,02:54,2018,September,Thursday
General Pype,All The Loving,79IICKiP4IrgpuL6obnLbZ,General Pype,6bNzfP6qBjBQXhGfRrKmwi,2017-08-18,3.0,False,0.649,0.864,F#/Gb,-5.445,Major,0.178,0.0131,1.96e-06,0.619,0.734,104.045,4.0,"Burna Boy, Phyno",Feature,04:22,2017,August,Friday
Burna Boy,Alone,0vLj7fwt3HM36zo7HEghCL,Black Panther: Wakanda Forever - Music From and Inspired By,0Wyn0fD9sZIu00xTyXF4eK,2022-11-04,0.0,False,0.6,0.659,E,-7.264,Minor,0.0542,0.176,0.0,0.111,0.307,89.955,4.0,,Feature,03:41,2022,November,Friday
Falz,Alright,4EwMprlOhqFdDWycqdjRnC,27,05C3zviUAfrL5lHLrMaFQP,2017-10-27,9.0,False,0.632,0.742,F,-5.456,Minor,0.219,0.125,0.0,0.103,0.838,165.225,4.0,Burna Boy,Feature,03:04,2017,October,Friday
Wande Coal,Amorawa - Bonus Track,1XD2smsByGKUCgHhyZyVtF,Wanted,6fSgSpssVi7fMqMXhxGcbL,2015-10-24,0.0,False,0.551,0.786,G#/Ab,-3.444,Major,0.216,0.0154,0.0,0.183,0.544,195.844,4.0,,Feature,04:02,2015,October,Saturday
Burna Boy,Another Story (feat. M.anifest),5TgGP38fQTuYO5ixyasQGq,African Giant,34vlTd4355ddD4q9pPsoqF,2019-07-25,33.0,False,0.591,0.682,D#/Eb,-6.705,Minor,0.378,0.673,2.62e-05,0.102,0.955,110.749,3.0,M.anifest,Album,04:16,2019,July,Thursday
Burna Boy,Anybody,0JoEdvXnroF2eVAaErd945,African Giant,79lrrUvUyIuOD12b5taQVP,2019-07-24,53.0,False,0.863,0.882,F#/Gb,-2.396,Minor,0.0611,0.0134,5.6e-05,0.078,0.643,103.988,4.0,,Album,03:08,2019,July,Wednesday
DJ Big N,Anything,4ectAGHOvhNaMIN8XEMjHt,Anything,04DZr6X7TEsFqOgh1Afw6X,2017-08-28,7.0,False,0.539,0.637,F,-7.978,Minor,0.226,0.499,0.0,0.345,0.77,63.606,3.0,"Tiwa Savage, Burna Boy",Feature,03:15,2017,August,Monday
Nappy,Aye,4badfFr7yTku7A5u2M8h0s,Aye,0VfDVcl3Mc8GJoIcWRDKgE,2019-12-13,0.0,False,0.781,0.856,G,-6.025,Minor,0.0463,0.629,0.0428,0.0983,0.478,113.101,4.0,Burna Boy,Feature,03:27,2019,December,Friday
Air Boy,Ayepo (Remix) [feat. Burna Boy],4XLTXwXc6prNikY3PwN26Z,Ayepo (Remix) [feat. Burna Boy],0rR7DynKTfq5scbbwcrddm,2017-11-18,21.0,False,0.732,0.863,D,-4.895,Minor,0.0419,0.224,7.45e-05,0.447,0.96,104.031,4.0,Burna Boy,Feature,04:06,2017,November,Saturday
Burna Boy,B. D’OR (feat. Wizkid),3ketN3dth18vSJ1T3HIztN,B. D’OR (feat. Wizkid),2Nwv16YY4xo8Jm4TVm54i9,2021-12-14,55.0,False,0.873,0.658,E,-8.031,Minor,0.108,0.00858,0.0061,0.0999,0.483,104.033,4.0,Wizkid,Single,03:09,2021,December,Tuesday
Larry Gaaga,Baba Nla,741bGvXuyaHaiFZrVEtLza,Baba Nla,4VMCzDpzW1LRJjDLIGWRXN,2018-08-10,34.0,True,0.657,0.619,A,-6.776,Minor,0.248,0.061,0.0121,0.142,0.579,100.085,4.0,"Burna Boy, 2Baba, Dbanj",Feature,03:22,2018,August,Friday
Burna Boy,Bank On It,7862flGk6U3tiWs2m2aUzH,Twice As Tall,4moiYbxseWbPD2moVhOYje,2020-08-12,47.0,False,0.784,0.388,C#/Db,-8.931,Major,0.207,0.29,0.00539,0.0971,0.472,93.011,4.0,,Album,04:36,2020,August,Wednesday
Mr Eazi,Bankulize - Remix,2VX5UXX0VvAr4JtusKcbXP,Bankulize (Remix),4CEJZ6mKWl1zTMCyv6GYAZ,2016-09-16,25.0,False,0.695,0.451,F#/Gb,-5.395,Minor,0.162,0.152,0.0,0.0571,0.82,200.05,4.0,Burna Boy,Feature,03:12,2016,September,Friday
Jorja Smith,Be Honest (feat. Burna Boy),5pAbCxt9e3f81lOmjIXwzd,Be Honest (feat. Burna Boy),4d2oTHRFwGifGFgve7zSGC,2019-08-16,67.0,False,0.757,0.737,E,-6.728,Minor,0.114,0.311,0.0,0.113,0.635,98.057,4.0,Burna Boy,Feature,03:27,2019,August,Friday
Burna Boy,Bebo,1FJbAalsCkRqDgYivI0F08,Twice As Tall,218CJKDCszsQQj7Amk7vIu,2020-08-13,31.0,False,0.847,0.687,C#/Db,-8.359,Major,0.0927,0.0953,0.577,0.173,0.458,108.096,4.0,,Album,02:44,2020,August,Thursday
Burna Boy,Big 7,3A17uQFJab0NDpyIeZAavF,I Told Them...,1JzjwUKkPsdHg1SQ7qa5hc,2023-08-24,56.0,True,0.653,0.877,G#/Ab,-6.643,Major,0.145,0.136,0.0,0.0892,0.604,94.78,4.0,,Album,02:23,2023,August,Thursday
Burna Boy,Body to Body #Ycd,0UF970jvIUBs02GoWDVObi,Redemption,0iFm8vnIeZcrxqAHIBsj6H,2016-09-23,26.0,True,0.697,0.469,C,-9.664,Minor,0.135,0.635,0.0765,0.11,0.374,129.879,4.0,,EP,03:14,2016,September,Friday
Burna Boy,Boom Boom Boom,6WbVnaupKAl0yPu9m6KJ3K,L.I.F.E - Leaving an Impact for Eternity (Deluxe Edition),5t1QPMQ3ssvP9gLLRPIckA,2013-08-12,19.0,False,0.735,0.938,F,-4.997,Minor,0.119,0.0395,0.0,0.27,0.643,105.959,4.0,,Album,03:50,2013,August,Monday
Ty Dolla $ign,Burna Boy Interlude,6DoDoVOTsUxbIdzTWq3B8s,Featuring Ty Dolla $ign,6M4Nu5UgX097dxeF2lm9P8,2020-10-23,24.0,False,0.515,0.311,G#/Ab,-15.304,Major,0.0332,0.989,0.895,0.25,0.717,81.123,4.0,,Feature,00:46,2020,October,Friday
Burna Boy,Calm Down,56XIgOY2j7nL5xUtuKXACL,Outside,26du6obYLeY1vf6xIJ1l0D,2018-01-26,37.0,True,0.636,0.549,C#/Db,-7.495,Major,0.0532,0.503,1.16e-06,0.16,0.588,167.874,4.0,,Album,04:25,2018,January,Friday
Peruzzi,Champion Lover,5fq7UHMSoBsoK7xGU0AU1z,HeartWork,7z742ZPIbeVwYlEJq3ButV,2018-12-21,0.0,True,0.871,0.554,D,-8.599,Major,0.0809,0.134,2.42e-05,0.0337,0.686,104.959,4.0,Burna Boy,Feature,03:28,2018,December,Friday
DJ Jimmy Jatt,Chase,30gMIjhTCP4SfCZNYFOrYh,Chase,7sT68opAfnDrTfUbdT1MfR,2017-07-06,20.0,False,0.909,0.733,A,-5.491,Minor,0.147,0.24,0.0,0.511,0.536,111.051,4.0,Burna Boy,Feature,03:23,2017,July,Thursday
Burna Boy,Check and Balance,3E8GSQm3hsUO3osUdGbJsB,Best of Burna Boy,1FjaEQoMFoN5PtDsLcCcO7,2017-07-04,35.0,True,0.74,0.756,G#/Ab,-8.014,Major,0.0669,0.258,0.0,0.34,0.732,104.001,4.0,,Compilation,03:23,2017,July,Tuesday
Burna Boy,City Boys,4RoKNqyZ9622tcAeNPNv5k,I Told Them...,1JzjwUKkPsdHg1SQ7qa5hc,2023-08-24,70.0,True,0.832,0.612,D,-7.58,Minor,0.141,0.065,0.0,0.132,0.591,100.013,4.0,,Album,02:33,2023,August,Thursday
Burna Boy,Cloak & Dagger (feat. J Hus),0cE68B5sCz9f3snJ5ueTGZ,"Love, Damini",6kgDkAupBVRSqbJPUaTJwQ,2022-07-07,45.0,False,0.62,0.601,G#/Ab,-6.635,Major,0.221,0.154,0.00108,0.271,0.46,103.748,4.0,J Hus,Album,03:31,2022,July,Thursday
Burna Boy,Collateral Damage,3A1zdPgQNDW4moavGCxSxz,African Giant,79lrrUvUyIuOD12b5taQVP,2019-07-24,54.0,False,0.74,0.852,D,-7.323,Minor,0.0453,0.51,0.123,0.158,0.903,102.015,4.0,,Album,03:17,2019,July,Wednesday
John Legend,Coming 2 America,1qe9SXab6Hh0dhFYxKYTXG,Coming 2 America (Amazon Original Motion Picture Soundtrack),4nZt8NKX67NCY0UfvuWqdG,2021-03-05,21.0,False,0.597,0.858,B,-4.0,Minor,0.0539,0.00762,1.25e-05,0.287,0.587,102.978,4.0,"Burna Boy, Nile Rodgers",Feature,02:32,2021,March,Friday
USHER,Coming Home,0T7fF9tR4Oa4jEsXlXhe2H,Coming Home,79OWreJV8yC6jMe2xjbEI2,2024-02-08,39.0,False,0.697,0.568,C,-7.016,Major,0.22,0.163,1.73e-06,0.112,0.685,165.036,3.0,Burna Boy,Feature,03:15,2024,February,Thursday
Burna Boy,Comma,0X6KeoX1HANrLI20m4Hc1V,Twice As Tall,218CJKDCszsQQj7Amk7vIu,2020-08-13,30.0,True,0.909,0.617,G#/Ab,-6.455,Major,0.0983,0.0133,0.00147,0.101,0.488,114.038,4.0,,Album,02:50,2020,August,Thursday
LeriQ,Comment Tu T'appelle,1r4ViE83W0f5Ki2tIX2vcL,The Lost Sounds,2L0hy6oP1fFAih809pgHQq,2015-08-28,0.0,False,0.841,0.89,C,-4.312,Minor,0.0733,0.284,0.000299,0.0708,0.897,109.006,4.0,"Burna Boy, Dammy Krane, Mojeed, Ozone",Feature,04:08,2015,August,Friday
Burna Boy,Common Person,5PhThXEC5fVIbjwUhFc0Z3,"Love, Damini",53s3xfNBbh5Z0Xv9IXjvi4,2022-07-06,52.0,False,0.703,0.674,E,-7.185,Major,0.079,0.636,0.468,0.103,0.592,97.021,4.0,,Album,03:30,2022,July,Wednesday
LeriQ,Cotton Candy (feat. Burna Boy),1ihbLuQP3REH3LtT6S2AnD,Cotton Candy (feat. Burna Boy),5cxdzvmHmzTRnKZ8pveiHq,2017-07-17,26.0,True,0.679,0.43,A#/Bb,-14.491,Minor,0.244,0.464,4.44e-06,0.0885,0.72,108.041,4.0,"DJ Tunez, Burna Boy",Feature,03:52,2017,July,Monday
Burna Boy,Dangote,0YAJAjHY8P30DK8tB8wQeC,African Giant,79lrrUvUyIuOD12b5taQVP,2019-07-24,43.0,False,0.538,0.652,G,-5.016,Major,0.406,0.507,1.83e-06,0.0801,0.798,68.373,5.0,,Album,03:45,2019,July,Wednesday
Burna Boy,Darko,4Ty2eRGfNVhJOgEDRzRsyb,Steel & Copper,7z1KSudQMWVOFpSjhxL6Qm,2019-03-21,18.0,False,0.762,0.607,E,-6.085,Minor,0.289,0.246,8.8e-06,0.107,0.65,124.982,5.0,DJDS,EP,02:02,2019,March,Thursday
IDK,December,2XTyx7Txuj6dZ1lLYLj3Wc,Is He Real?,2JnOb2SpW5DSOHhbW6GKru,2019-09-04,41.0,False,0.586,0.807,B,-5.846,Minor,0.302,0.461,8.72e-05,0.117,0.77,130.455,5.0,,Feature,03:30,2019,September,Wednesday
Dr Vades,Deja-vu,4lnilDvVDmuzrtFM1wDhuM,Deja-vu,66CYcqXl8x7nrDR66q6BqG,2018-05-18,0.0,True,0.759,0.596,F,-8.453,Major,0.169,0.0957,0.0,0.116,0.519,113.236,5.0,"Burna Boy, K-Trap",Feature,03:18,2018,May,Friday
Burna Boy,Devil in California,39GdQUHeQwpwyvmyXwv5Dq,Outside,26du6obYLeY1vf6xIJ1l0D,2018-01-26,27.0,True,0.52,0.538,G#/Ab,-8.747,Minor,0.221,0.602,0.0,0.177,0.546,127.425,4.0,,Album,03:15,2018,January,Friday
Burna Boy,Dey Play,5cJLTFZRVkrkFWiD3GXgo0,I Told Them...,1JzjwUKkPsdHg1SQ7qa5hc,2023-08-24,48.0,False,0.726,0.55,A,-5.928,Minor,0.225,0.0971,0.00388,0.136,0.762,68.058,3.0,,Album,02:33,2023,August,Thursday
Burna Boy,Different (feat. Damian Marley & Angelique Kidjo),6F5bERiTAIAVAP8ZUh0tqE,African Giant,34vlTd4355ddD4q9pPsoqF,2019-07-25,36.0,True,0.603,0.648,G#/Ab,-5.728,Minor,0.5,0.0924,0.0,0.334,0.486,87.442,4.0,"Angelique Kidjo, Damian Marley",Album,03:16,2019,July,Thursday
Burna Boy,Different Size (feat. Victony),0s5nhb6ts6uCKAVnGg46y6,"Love, Damini",6kgDkAupBVRSqbJPUaTJwQ,2022-07-07,42.0,False,0.731,0.755,F#/Gb,-9.096,Major,0.0359,0.6,0.0134,0.191,0.838,107.973,4.0,Victony,Album,03:29,2022,July,Thursday
Burna Boy,Dirty Secrets,2sh23PpmUcfrxKaBRvqxig,"Love, Damini",6kgDkAupBVRSqbJPUaTJwQ,2022-07-07,39.0,True,0.557,0.586,C,-11.439,Major,0.184,0.134,4.06e-05,0.0365,0.928,89.64,4.0,,Album,02:31,2022,July,Thursday
Phyno,Do I - Remix,7yKjDDd9w01nFEOD5adoHq,Do I (Remix),5aVA4avxVgyg1S6iVQpx0m,2023-12-19,56.0,True,0.847,0.825,F#/Gb,-7.042,Minor,0.106,0.74,0.000175,0.151,0.726,113.019,4.0,Burna Boy,Feature,02:18,2023,December,Tuesday
Angelique Kidjo,Do Yourself,2ReE8CKPtb1MfZyW79nr19,Do Yourself,3TRL43gS83a5Nw1XlLvgau,2021-06-25,21.0,False,0.701,0.914,G#/Ab,-3.65,Major,0.0766,0.0801,0.0113,0.0619,0.847,98.991,4.0,Burna Boy,Feature,04:02,2021,June,Friday
Cassper Nyovest,Doc Shebeleza - West Africa Remix,3aDiQ0PzYMwJqcX50lnXy7,Tsholofelo (Platinum Edition),367X12thcQ6YbzKYWLGXFc,2015-04-17,16.0,True,0.856,0.938,G#/Ab,-1.404,Major,0.177,0.15,0.0,0.0635,0.618,137.954,4.0,"Burna Boy, M.I",Feature,04:34,2015,April,Friday
Burna Boy,Don't Cross That Line,4gGyXPjr4Src7SUS6MlYmr,"Best of Burn Series, Vol. 1",5lrPUSLO9MKGPi9SgaGNzw,2011-04-28,14.0,False,0.55,0.761,C#/Db,-7.265,Major,0.424,0.263,0.0,0.116,0.693,205.76,4.0,,Compilation,02:20,2011,April,Thursday
Burna Boy,Don't Run,1bclCoXeMIAh4LzHjxsi6t,L.I.F.E - Leaving an Impact for Eternity (Deluxe Edition),5t1QPMQ3ssvP9gLLRPIckA,2013-08-12,24.0,False,0.707,0.716,F#/Gb,-6.749,Major,0.254,0.198,0.0,0.109,0.778,94.046,4.0,"Reminisce, Olamide",Album,03:22,2013,August,Monday
Dadju,Donne-moi l’accord,0F3K1nFNG6ZecPHUCh6YlV,Poison Ou Antidote,6FsbmqiFXF87zjPSl4VX2k,2020-09-25,58.0,False,0.843,0.831,F,-6.489,Minor,0.0518,0.252,0.0,0.0915,0.916,99.059,4.0,Burna Boy,Feature,03:06,2020,September,Friday
Burna Boy,Duro Ni Be,52BOFyu8ALHu4PywvVGv2T,Best of Burna Boy,1FjaEQoMFoN5PtDsLcCcO7,2017-07-04,14.0,True,0.684,0.824,D,-6.319,Major,0.134,0.385,8.98e-06,0.0959,0.9,86.067,4.0,Phyno,Compilation,03:28,2017,July,Tuesday
Burna Boy,Duro Ni Be (feat. Phyno),5DmbNsE5k0IcGLoLLMcmVG,On a Spaceship,4tjD2jPZdPe3nqop8En6zb,2015-11-25,22.0,True,0.689,0.818,A,-6.363,Minor,0.124,0.359,1.1e-05,0.0963,0.903,86.05,4.0,Phyno,Album,03:28,2015,November,Wednesday
Mr. Dutch,E No Finish,0Y8TsxEv9h9ZjpuzZq0NqG,E No Finish,2MIvEfrMxvhg4qcCaV0tjA,2018-10-16,0.0,False,0.804,0.836,D,-3.944,Minor,0.0563,0.0555,3.49e-06,0.0983,0.749,99.936,4.0,Burna Boy,Feature,03:08,2018,October,Tuesday
Pop Smoke,Enjoy Yourself (feat. Burna Boy) - Remix,6QzkbRRLWTEcFE0NyOX1Dt,Shoot For The Stars Aim For The Moon (Deluxe),2MDU46hcBn3u94s46BOSdv,2020-07-20,50.0,True,0.773,0.688,B,-6.935,Minor,0.146,0.454,0.0,0.214,0.441,96.955,4.0,Burna Boy,Feature,03:17,2020,July,Monday
Burna Boy,Fa so LaTi Do,4zS9tAJtVIDo7hfE17kxJF,Redemption,0iFm8vnIeZcrxqAHIBsj6H,2016-09-23,35.0,True,0.812,0.5,C,-7.891,Major,0.0372,0.0999,0.000145,0.592,0.753,96.985,4.0,,EP,03:02,2016,September,Friday
Burna Boy,Fa so Lati Do,5AOZYXVXnR8YvmeU5mtS6K,Redemption,038SZr5DtjpCRspMtzi6FY,2016-09-23,26.0,True,0.808,0.495,C,-7.807,Major,0.0354,0.107,0.000134,0.555,0.758,97.002,4.0,,EP,03:02,2016,September,Friday
Mabel,Finders Keepers - Remix,2hbMLNr8C555alIZPBNMiO,Ivy To Roses (Mixtape),0syM7OUAhV7S6XmOa4nLUZ,2019-01-18,32.0,False,0.77,0.683,E,-5.652,Minor,0.162,0.0832,0.0,0.0922,0.564,107.937,4.0,"Kojo Funds, Burna Boy, Don-E",Feature,04:28,2019,January,Friday
Burna Boy,For My Hand (feat. Ed Sheeran),0HaRLPnr887lcQM2YQzkff,"Love, Damini",6kgDkAupBVRSqbJPUaTJwQ,2022-07-07,65.0,False,0.87,0.479,A,-7.779,Major,0.165,0.161,0.000157,0.209,0.717,104.059,4.0,Ed Sheeran,Album,02:39,2022,July,Thursday
Burna Boy,Freedom Freestyle,3wat3cnKg9khle6EkDmt3K,"Best of Burn Series, Vol. 1",5lrPUSLO9MKGPi9SgaGNzw,2011-04-28,25.0,False,0.706,0.712,C,-10.443,Major,0.375,0.0579,3.45e-06,0.109,0.799,121.862,5.0,,Compilation,02:51,2011,April,Thursday
Burna Boy,Gba,6U7DBIumZknqAZQ7vB3sLc,Gba,5ja8m0QObAPA4m6jtA6rRs,2017-11-06,31.0,False,0.853,0.855,F#/Gb,-5.621,Minor,0.143,0.0132,0.00938,0.0885,0.513,104.028,4.0,,Single,03:54,2017,November,Monday
SPINALL,Gba Gbe E (feat. Burna Boy),1SWsAS3zNsulR0333IkszB,Gba Gbe E (feat. Burna Boy),5ds3enfUC4lEvLJFWUPHgW,2014-02-03,27.0,False,0.556,0.928,D,-3.63,Major,0.194,0.0925,0.0,0.0548,0.718,114.461,4.0,Burna Boy,Feature,03:45,2014,February,Monday
Skales,Gbefun Onetime,2ob5Z1Y5rEF45cDkz3XxNR,The Never Say Never Guy,3rEGE6EoPd7EtLJg8pWWSH,2017-05-29,0.0,False,0.811,0.614,A#/Bb,-7.166,Minor,0.0559,0.311,2.01e-05,0.17,0.594,106.016,4.0,Burna Boy,Feature,03:38,2017,May,Monday
Zlatan,Gbeku,72hSh4EAQV1PMzCRU7dQap,Gbeku,78mXZpyVKOQon8gv1kLXAp,2019-10-24,35.0,True,0.94,0.843,D#/Eb,-1.854,Minor,0.167,0.168,0.00154,0.0536,0.856,112.06,4.0,Burna Boy,Feature,03:54,2019,October,Thursday
Burna Boy,Gbona,7rpWDu9GPlLxbLorYKVys7,African Giant,34vlTd4355ddD4q9pPsoqF,2019-07-25,63.0,False,0.798,0.813,E,-5.869,Minor,0.162,0.564,0.000142,0.108,0.942,93.912,4.0,,Album,03:07,2019,July,Thursday
Au-Pro,Ghetto Love (feat. Burna Boy),5dJYkPwnADoTZyqhrXEYea,Ghetto Love (feat. Burna Boy),5YfpWZOj9Cl6uEdAzeE6gE,2017-07-25,7.0,False,0.827,0.823,A,-4.608,Minor,0.107,0.3,7.4e-06,0.0733,0.885,101.978,4.0,Burna Boy,Feature,03:34,2017,July,Tuesday
Ice Prince,"Gimme Dat (feat. Burna Boy, Yung L & Olamide)",07sn8nshlcuBVZ45Vqo5rV,Fire of Zamani,2T5FkvRTF5GA9iKVD0nm8H,2013-10-28,26.0,True,0.578,0.907,F,-1.688,Minor,0.202,0.0374,0.0,0.142,0.687,99.274,4.0,"Burna Boy, Yung L, Olamide",Feature,04:51,2013,October,Monday
Wizkid,Ginger (feat. Burna Boy),51mLQ3w7yR7vjdSTFLWaY5,Made In Lagos,6HpMdN52TfJAwVbmkrFeBN,2020-10-29,62.0,False,0.545,0.749,E,-6.621,Minor,0.153,0.103,0.0,0.232,0.681,100.503,4.0,Burna Boy,Feature,03:16,2020,October,Thursday
Solidstar,Girlfriend,0eXQUryak3OUMVP0ismUfk,W.E.E.D.,23BR88E4ycb1L19PLZbEuP,2016-10-31,0.0,False,0.739,0.917,C,-3.54,Major,0.189,0.284,0.0186,0.104,0.749,101.976,4.0,Burna Boy,Feature,03:13,2016,October,Monday
Burna Boy,Giza (feat. Seyi Vibez),1JqxgXNhqWpFss7nZzlwOz,I Told Them...,1JzjwUKkPsdHg1SQ7qa5hc,2023-08-24,50.0,True,0.785,0.696,F,-7.105,Major,0.0919,0.164,1.49e-05,0.149,0.594,116.067,4.0,Seyi Vibez,Album,02:59,2023,August,Thursday
Burna Boy,Glory (feat. Ladysmith Black Mambazo),0D9Bnm77CkYlzpZijEKFuy,"Love, Damini",6kgDkAupBVRSqbJPUaTJwQ,2022-07-07,37.0,True,0.412,0.416,B,-10.274,Major,0.255,0.621,0.0,0.656,0.336,85.115,4.0,Ladysmith Black Mambazo,Album,03:51,2022,July,Thursday
J Hus,Good Time (feat. Burna Boy),3lUxLfIScfTUkkPqLfiZ5g,Common Sense,6fUnZqjU3bwBOZIsQ4kN1Q,2017-05-12,44.0,False,0.786,0.594,F#/Gb,-6.023,Minor,0.0472,0.121,0.000222,0.0994,0.699,109.972,4.0,Burna Boy,Feature,03:05,2017,May,Friday
Waje,Grind,709uwkfP6MxfS0Bustxytg,Words Aren't Just Enough (W.A.J.E),4BnlcSqbPzoBFiezlinYj0,2014-07-04,6.0,False,0.284,0.923,A#/Bb,-3.789,Minor,0.473,0.0414,0.0,0.28,0.356,64.167,3.0,Burna Boy,Feature,03:56,2014,July,Friday
Burna Boy,Guilty,4xapPACzr54s5XlIdT99wd,L.I.F.E - Leaving an Impact for Eternity (Deluxe Edition),5t1QPMQ3ssvP9gLLRPIckA,2013-08-12,21.0,False,0.491,0.307,G#/Ab,-11.419,Minor,0.337,0.126,0.0,0.0462,0.399,86.943,4.0,,Album,03:36,2013,August,Monday
Burna Boy,Gum Body (feat. Jorja Smith),5nUiz96J8ZSmwoSuL4sGvh,African Giant,34vlTd4355ddD4q9pPsoqF,2019-07-25,50.0,False,0.747,0.624,D,-5.532,Major,0.0864,0.182,0.0,0.0864,0.755,97.053,4.0,Jorja Smith,Album,03:15,2019,July,Thursday
Juls,Gwarn,0tyxItDX02rgv4wXimjIoE,Gwarn,4u6gpYry8aAkgGqYnoXFwf,2017-10-20,45.0,False,0.68,0.663,A,-8.026,Minor,0.101,0.0409,0.0,0.101,0.713,98.868,4.0,Burna Boy,Feature,04:01,2017,October,Friday
Burna Boy,Hallelujah,37Kn41E9SYrzjphkjlkTH1,Hallelujah,3ikjU0avCXSMfLiiqhMqHn,2017-02-06,44.0,False,0.65,0.575,D,-4.491,Minor,0.0427,0.281,0.0,0.0584,0.763,101.943,4.0,,Single,04:53,2017,February,Monday
Burna Boy,Heaven's Gate (feat. Lily Allen),6FccLTPgQd0vnrFqmtbD64,Outside,26du6obYLeY1vf6xIJ1l0D,2018-01-26,33.0,True,0.845,0.854,E,-5.897,Minor,0.196,0.0376,1.45e-05,0.343,0.637,102.012,4.0,Lily Allen,Album,03:22,2018,January,Friday
Sia,Hey Boy (feat. Burna Boy),7H9hyqq8cr8jHquz9HhCzm,Hey Boy (feat. Burna Boy),6D5QsBpU0KqSssaD1CH64Q,2021-01-14,40.0,False,0.607,0.599,G#/Ab,-4.743,Major,0.238,0.0457,1.15e-06,0.617,0.794,185.957,4.0,Burna Boy,Feature,03:01,2021,January,Thursday
Burna Boy,Higher,7fA7mrYaXVDVVGCAV65NRN,Higher,2Ti12rxuf2NZ22iUzUXSNP,2024-06-27,65.0,False,0.784,0.512,C,-8.694,Major,0.0944,0.0951,0.000334,0.312,0.842,116.945,4.0,,Single,02:17,2024,June,Thursday
Danagog,"Hookah (Remix) [feat. Burna Boy, Stonebwoy & Davido]",2eCy5MHGlWLhmzOQDHTa6u,Dat Way (Playlist of 7 Songs),6xOB1U0UQzBNcXNUObABOT,2017-05-22,0.0,False,0.856,0.822,D,-2.415,Major,0.0463,0.223,3.07e-06,0.314,0.891,112.972,4.0,"Burna Boy, Stonebwoy, Davido",Feature,03:45,2017,May,Monday
Shatta Wale,Hossana,1wfHUAlH1uHzxIci878IvF,Hossana,5CQUicitBuWybytiyzH5lJ,2017-02-02,42.0,False,0.791,0.768,A,-3.143,Minor,0.0549,0.233,0.0,0.339,0.839,112.106,4.0,Burna Boy,Feature,03:35,2017,February,Thursday
Kranium,Hotel (feat. Ty Dolla $ign & Burna Boy),6XgFvGjZPOwMvvG8pUbMaw,Midnight Sparks,0m9j6YvN0PR00WIj4EgP65,2019-12-06,30.0,True,0.553,0.66,F,-3.673,Minor,0.254,0.109,0.0,0.198,0.489,102.67,4.0,"Burna Boy, Ty Dolla $ign",Feature,03:24,2019,December,Friday
Burna Boy,I Don't Care,3QpnZcieFr7LRejSRqgE5N,"Best of Burn Series, Vol. 1",5lrPUSLO9MKGPi9SgaGNzw,2011-04-28,15.0,True,0.597,0.395,G,-14.645,Minor,0.0642,0.777,0.0,0.485,0.922,77.93,4.0,,Compilation,02:17,2011,April,Thursday
Jon Bellion,I FEEL IT (with Burna Boy),6NoTgpadvWX0qKEK6aJYsg,I FEEL IT (with Burna Boy),2Rmmtayyms1LsKbc0PoxlH,2021-08-26,42.0,False,0.595,0.745,A,-5.059,Major,0.0672,0.559,0.000798,0.0726,0.698,169.98,4.0,Burna Boy,Feature,03:44,2021,August,Thursday
Burna Boy,I Told Them (feat. GZA),1W6OkdLZQhRBhP7E1Ye5Lg,I Told Them...,1JzjwUKkPsdHg1SQ7qa5hc,2023-08-24,43.0,True,0.639,0.585,F,-8.922,Major,0.442,0.762,0.0,0.0995,0.945,173.459,4.0,GZA,Album,03:09,2023,August,Thursday
Burna Boy,If I’m Lying,5xaQAWQ6Q65HTJGEZxrzpt,I Told Them...,1JzjwUKkPsdHg1SQ7qa5hc,2023-08-24,45.0,False,0.355,0.384,D#/Eb,-8.437,Minor,0.0389,0.572,0.0,0.119,0.794,76.601,4.0,,Album,03:17,2023,August,Thursday
Burna Boy,Intro,1aW4kj8QF45VJcZA8FN71B,On a Spaceship,4tjD2jPZdPe3nqop8En6zb,2015-11-25,17.0,False,0.667,0.378,F#/Gb,-17.278,Major,0.906,0.813,0.0,0.267,0.544,82.262,3.0,,Album,01:48,2015,November,Wednesday
Burna Boy,Intro: My Life,6lOvkt9zG8HDeYL3gayXz9,L.I.F.E - Leaving an Impact for Eternity (Deluxe Edition),5t1QPMQ3ssvP9gLLRPIckA,2013-08-12,25.0,False,0.692,0.692,A#/Bb,-8.422,Minor,0.123,0.0433,0.000364,0.0528,0.324,107.941,4.0,,Album,03:14,2013,August,Monday
Kida Kudz,Issa Vibe - Burna Boy & Geko Remix,2nOAS2dr1rKoOrw1IEcSuM,Issa Vibe (Burna Boy & Geko Remix),6b3dMXomA9dpET9Ejl9xnA,2018-07-06,29.0,True,0.801,0.696,A#/Bb,-6.286,Minor,0.0712,0.592,0.0,0.0982,0.83,99.994,4.0,"Burna Boy, Geko",Feature,03:32,2018,July,Friday
Burna Boy,It's Plenty,5hVjoL3sHepZROri63wBxP,"Love, Damini",6kgDkAupBVRSqbJPUaTJwQ,2022-07-07,65.0,True,0.776,0.565,G,-10.609,Major,0.105,0.36,8.81e-05,0.308,0.53,107.035,4.0,,Album,03:36,2022,July,Thursday
Burna Boy,JA ARA E,6pdip6qgVJOI5JxqgbAlu6,The Lion King: The Gift,552zi1M53PQAX5OH4FIdTx,2019-07-19,50.0,False,0.79,0.693,C,-5.767,Major,0.0605,0.042,0.0267,0.079,0.855,91.991,4.0,,Feature,03:10,2019,July,Friday
Burna Boy,Jagele,2dGE7HMvZEjuNxzz4IDLyL,"Love, Damini",6kgDkAupBVRSqbJPUaTJwQ,2022-07-07,46.0,False,0.726,0.617,F,-8.434,Major,0.129,0.0475,0.0796,0.112,0.629,189.953,4.0,,Album,03:02,2022,July,Thursday
Burna Boy,Jahs Love is True,0oJcIWQvejgUi79vtH8x80,L.I.F.E - Leaving an Impact for Eternity (Deluxe Edition),5t1QPMQ3ssvP9gLLRPIckA,2013-08-12,33.0,False,0.597,0.679,E,-4.898,Minor,0.168,0.307,0.0,0.313,0.329,99.86,4.0,Wizkid,Album,04:09,2013,August,Monday
Burna Boy,Jealousy,3yXcTAUczDrT6XxJC0AYVI,Best of Burna Boy,1FjaEQoMFoN5PtDsLcCcO7,2017-07-04,33.0,True,0.744,0.702,A#/Bb,-5.545,Minor,0.115,0.763,0.0,0.145,0.905,109.056,4.0,,Compilation,03:34,2017,July,Tuesday
Master KG,Jerusalema (feat. Burna Boy & Nomcebo Zikode) - Remix / Radio Edit,4QgChiyKY0lJnL3YylZC8Y,Jerusalema (feat. Burna Boy & Nomcebo Zikode) [Remix],1HBjNCWaJ2SzolwRxedA9z,2020-07-09,34.0,False,0.817,0.511,C#/Db,-7.476,Major,0.0448,0.0348,5.5e-05,0.086,0.761,124.014,4.0,"Nomcebo Zikode, Burna Boy",Feature,03:54,2020,July,Thursday
Harmonize,Kainama (feat. Burna Boy & Diamond Platnumz),3UAPDid23g2jFZZaMcU7Ef,Afro Bongo,63W82BocZMEKFzg4q6T7DY,2019-02-25,38.0,False,0.888,0.752,D,-5.863,Minor,0.0971,0.183,0.0,0.0666,0.918,104.962,4.0,"Burna Boy, Diamond Platnumz",Feature,03:33,2019,February,Monday
Burna Boy,Killin Dem (feat. Zlatan),3a7ziOOO3Cbuv6BMXrj0wU,African Giant,34vlTd4355ddD4q9pPsoqF,2019-07-25,41.0,False,0.793,0.862,C#/Db,-5.122,Minor,0.14,0.115,0.0125,0.131,0.617,112.903,4.0,Zlatan,Album,03:41,2019,July,Thursday
Burna Boy,Kilometre,03YUNUpazIbzwqJq2YSBvB,"Love, Damini",6kgDkAupBVRSqbJPUaTJwQ,2022-07-07,52.0,False,0.852,0.666,A,-6.065,Major,0.107,0.0158,2.59e-05,0.0588,0.648,103.007,4.0,,Album,02:32,2022,July,Thursday
Burna Boy,Koni Baje,6rXpYgRSOYuRtzlDr5WVqc,Outside,26du6obYLeY1vf6xIJ1l0D,2018-01-26,27.0,True,0.691,0.787,C#/Db,-5.763,Major,0.0913,0.299,0.00268,0.036,0.967,179.849,3.0,,Album,03:23,2018,January,Friday
Yonda,Las Vegas - Remix,3VJvxhg5LulQ9ElyKNwhls,Las Vegas,7ukfc78lSyiPf6rzQt4Aij,2017-05-05,34.0,False,0.761,0.687,G#/Ab,-6.324,Minor,0.117,0.0683,0.0,0.11,0.839,110.925,4.0,Burna Boy,Feature,03:16,2017,May,Friday
Burna Boy,Last Last,57DarSfRMIVRCeDBGW0l5S,"Love, Damini",53s3xfNBbh5Z0Xv9IXjvi4,2022-07-06,67.0,False,0.795,0.565,D#/Eb,-4.457,Minor,0.0948,0.131,0.0,0.0802,0.55,87.925,4.0,,Album,02:52,2022,July,Wednesday
Show Dem Camp,Legend,6t3JrxGqKRREAQq0hL5Cb8,Palmwine Music 2,7Bo2YlDs1Q9PP3WMGGUZiv,2018-10-15,0.0,False,0.792,0.678,F#/Gb,-8.245,Minor,0.0636,0.644,0.0325,0.125,0.963,102.988,4.0,Burna Boy,Feature,03:46,2018,October,Monday
Abra Cadabra,Lemme At Em,35quWVp73u2wDebMlnjAhy,Lemme At Em,5y9zpYGhHWgWwlg6e33YNg,2017-09-15,16.0,True,0.793,0.845,C,-4.56,Minor,0.19,0.138,8.57e-06,0.11,0.651,104.965,4.0,"Burna Boy, Jelani Blackman, FRED",Feature,03:34,2017,September,Friday
Bnxn,Lenu - Remix,51trdVTGB18HFEsb8dEzq1,Lenu (Remix),0XPpgvyG25SbLEcKvAMinb,2020-04-16,53.0,False,0.784,0.552,F#/Gb,-4.44,Minor,0.143,0.678,0.00113,0.112,0.54,112.923,4.0,Burna Boy,Feature,03:33,2020,April,Thursday
Burna Boy,Level Up (Twice As Tall) [feat. Youssou N'Dour],1djCgiQcqe5JnZS61KYNpD,Twice As Tall,218CJKDCszsQQj7Amk7vIu,2020-08-13,35.0,True,0.518,0.326,C,-12.628,Major,0.371,0.526,0.0,0.544,0.366,85.928,4.0,Youssou NDour,Album,04:28,2020,August,Thursday
Burna Boy,Like to Party,42wkLJPPut34BBByK3zqR1,Like to Party,4vnXEGlXk7nCBnP4OPRN4d,2012-05-30,41.0,False,0.452,0.718,G,-6.972,Major,0.341,0.136,0.0,0.121,0.758,109.454,3.0,,Single,04:06,2012,May,Wednesday
Phyno,Link Up (feat. MI & Burna Boy),0GCEWFJQcEhpLbdp49SJL8,The Playmaker,2FigjVsYs2rOLoEz2aVvg9,2016-11-01,0.0,True,0.538,0.802,A#/Bb,-3.021,Minor,0.251,0.245,0.0,0.0815,0.716,151.899,4.0,"MI, Burna Boy",Feature,03:38,2016,November,Tuesday
Jidenna,Little Bit More (feat. Burna Boy) - Remix,74UoD2itDLElksjzTFwL5Y,Boomerang,1BQhMEiv7bLPI7wLAdHsn9,2017-11-10,24.0,False,0.749,0.744,B,-4.839,Major,0.034,0.0878,1.24e-05,0.308,0.632,105.016,4.0,Burna Boy,Feature,03:26,2017,November,Friday
Dave,Location (feat. Burna Boy),3z4CGd63tpUn9a6oQSG0CI,PSYCHODRAMA,4GrFuXwRmEBJec22p58fsD,2019-03-08,73.0,True,0.812,0.496,A,-5.969,Minor,0.297,0.271,0.0,0.0955,0.55,109.979,4.0,Burna Boy,Feature,04:01,2019,March,Friday
Burna Boy,"Love, Damini (feat. Ladysmith Black Mambazo)",0KRrOQfFl8nQ4DuIAPnlYP,"Love, Damini",6kgDkAupBVRSqbJPUaTJwQ,2022-07-07,33.0,True,0.537,0.132,D#/Eb,-11.949,Major,0.313,0.662,0.0,0.0752,0.567,170.336,4.0,Ladysmith Black Mambazo,Album,02:22,2022,July,Thursday
Justin Bieber,Loved By You (feat. Burna Boy),2tB9OFgAHjAds3cqquLlvp,Justice,5dGWwsZ9iB2Xc3UKR0gif2,2021-03-19,61.0,False,0.79,0.724,C#/Db,-6.972,Major,0.0852,0.0696,2.33e-06,0.113,0.642,101.04,4.0,Burna Boy,Feature,02:39,2021,March,Friday
Burna Boy,Ma Loda Ma Motto,5cK17mYRw3WVZJBT7iHGOh,L.I.F.E - Leaving an Impact for Eternity (Deluxe Edition),5t1QPMQ3ssvP9gLLRPIckA,2013-08-12,18.0,False,0.748,0.854,F#/Gb,-4.714,Major,0.0626,0.191,0.00755,0.0705,0.963,132.017,4.0,,Album,03:04,2013,August,Monday
J Hus,Masculine (feat. Burna Boy),4M6yrN4rJUrwNgHzGKfrN1,Beautiful And Brutal Yard,766bxryPZBL0hjz0KM6VUD,2023-07-14,54.0,True,0.675,0.66,G,-5.977,Major,0.291,0.179,2.01e-05,0.127,0.713,66.98,5.0,Burna Boy,Feature,03:24,2023,July,Friday
Sidhu Moose Wala,Mera Na,0TlGvDUBcIUGZOroftyVF4,Mera Na,6sUoLxSldFKFctJW8ocYh1,2023-04-07,53.0,False,0.753,0.477,D,-7.739,Minor,0.0685,0.542,3.73e-05,0.107,0.527,83.485,4.0,"Burna Boy, Steel Banglez",Feature,03:21,2023,April,Friday
Burna Boy,Mi O Ni Gba,4mbYXlSlHtpmxdu9P5cfMu,On a Spaceship,4tjD2jPZdPe3nqop8En6zb,2015-11-25,16.0,False,0.682,0.933,F#/Gb,-5.595,Minor,0.0643,0.106,0.0,0.0641,0.885,126.979,4.0,,Album,02:58,2015,November,Wednesday
Mr Eazi,Miss You Bad,3o8cpHgLK9x0G5eB1UusOQ,"Life is Eazi, Vol. 2 - Lagos To London",6xCY9TWQBggZtKVoySGpEO,2018-11-09,0.0,False,0.739,0.755,F#/Gb,-5.112,Major,0.121,0.181,1.05e-06,0.128,0.547,100.056,4.0,Burna Boy,Feature,02:56,2018,November,Friday
Burna Boy,Money Play,3pT8fDZOicDErgzLG1UVPX,Money Play,4UNo1eqCHs5xapq3JPAQgO,2019-12-24,35.0,False,0.88,0.633,C,-11.812,Major,0.182,0.235,0.0101,0.194,0.591,106.041,4.0,,Single,03:03,2019,December,Tuesday
Burna Boy,Monsters You Made (feat. Chris Martin),2cerDm5EbuTNJ68EIMtrF2,Twice As Tall,218CJKDCszsQQj7Amk7vIu,2020-08-13,34.0,True,0.671,0.646,G,-7.513,Minor,0.195,0.272,0.0,0.405,0.355,142.0,4.0,Chris Martin,Album,03:37,2020,August,Thursday
R2Bees,My Baby,4nrfaxl7yXvfd1L7cccMa3,Site 15,4uI60dVqyZ6pVU36oUb0j2,2019-03-01,24.0,False,0.788,0.555,A,-5.447,Minor,0.0588,0.0539,4.79e-06,0.0976,0.639,99.995,4.0,Burna Boy,Feature,03:21,2019,March,Friday
Burna Boy,"My Money, My Baby - From ""Queen & Slim: The Soundtrack""",7gOb1BmKmG4EYw7lAePO1c,Queen & Slim: The Soundtrack,3KkAi988nPkzw0FOrXTBfM,2019-11-15,30.0,False,0.857,0.664,C#/Db,-6.189,Major,0.0856,0.00519,0.000492,0.134,0.637,118.972,4.0,,Feature,03:04,2019,November,Friday
Sam Smith,My Oasis (feat. Burna Boy),2KoHxhRyWxJzA0VafWd5Nk,My Oasis (feat. Burna Boy),2eBIVchjZqWwwe7P8OmY0Q,2020-07-30,53.0,False,0.691,0.474,A#/Bb,-8.742,Minor,0.0583,0.569,0.000626,0.099,0.381,143.783,4.0,Burna Boy,Feature,02:59,2020,July,Thursday
Four of Diamonds,Name On It (feat. Burna Boy),6wQugAr2CdLrjvACWNSvv5,Name On It,71UHFVp0KFVh3T1JrpKkQV,2018-06-14,18.0,False,0.721,0.636,C#/Db,-5.685,Minor,0.0618,0.0789,0.00265,0.109,0.469,101.009,4.0,Burna Boy,Feature,03:34,2018,June,Thursday
Duncan Mighty,Nibolowa,2uEFUXu4WuTgTqm9d7q8lN,Nibolowa,45EMsBXvKwCKheLUnGE12K,2021-08-16,0.0,False,0.654,0.612,B,-5.056,Major,0.105,0.633,0.00192,0.113,0.742,97.965,4.0,Burna Boy,Feature,04:31,2021,August,Monday
Phyno,No Be My Style (feat. Burna Boy),5e27MUXsebYGd5BfJc1rsn,The Playmaker,2FigjVsYs2rOLoEz2aVvg9,2016-11-01,0.0,True,0.638,0.824,D,-3.796,Minor,0.196,0.557,0.0,0.0541,0.817,92.834,4.0,Burna Boy,Feature,04:21,2016,November,Tuesday
Burna Boy,No Fit Vex,5CUVCOC6mnZoBFqdkdYrDH,Twice As Tall,218CJKDCszsQQj7Amk7vIu,2020-08-13,31.0,False,0.771,0.656,G#/Ab,-8.225,Major,0.279,0.217,2.43e-05,0.224,0.415,95.939,4.0,,Album,03:41,2020,August,Thursday
DJ Snake,No Option (feat. Burna Boy),4lDYedHtcFwkMTVwpdSRUN,Carte Blanche,2MFS6WG6jnPAgvJpV3PehR,2019-07-25,36.0,True,0.631,0.877,F,-4.072,Minor,0.0347,0.00837,1.18e-05,0.204,0.879,150.15,4.0,Burna Boy,Feature,03:05,2019,July,Thursday
Burna Boy,Normal,4EDMfKmlvrDemvJBcoZvHk,I Told Them...,1JzjwUKkPsdHg1SQ7qa5hc,2023-08-24,45.0,False,0.609,0.718,G,-7.438,Major,0.43,0.474,2.35e-06,0.432,0.79,67.266,5.0,,Album,02:04,2023,August,Thursday
Burna Boy,Odogwu,5jeFguGsmlRXUj66Z94JOJ,Odogwu,19JGoIUmAKqUPCegVYepEA,2020-02-21,40.0,False,0.708,0.493,F,-9.806,Major,0.137,0.684,0.000206,0.0611,0.864,191.877,4.0,,Single,03:05,2020,February,Friday
Burna Boy,Oluwa Burna,2zdXoKWK2q3jWbKYGH4K13,On a Spaceship,4tjD2jPZdPe3nqop8En6zb,2015-11-25,21.0,False,0.745,0.75,G,-6.93,Major,0.0428,0.0768,0.00647,0.0501,0.49,103.05,4.0,,Album,02:59,2015,November,Wednesday
Burna Boy,Omo,1Cycl2DgETYTzDiDBgFeeF,African Giant,79lrrUvUyIuOD12b5taQVP,2019-07-24,50.0,True,0.895,0.718,D,-4.579,Minor,0.0581,0.246,1.45e-05,0.0892,0.88,100.036,4.0,,Album,02:27,2019,July,Wednesday
Olamide,Omo Wobe Anthem (feat. Burna Boy),0iwBoMUJq7A3xbIIYH2B8n,The Glory,6z6r9RgyDDp35cfOAixpvq,2016-12-26,30.0,True,0.767,0.805,G,-2.992,Major,0.146,0.0425,0.0,0.147,0.784,107.803,4.0,Burna Boy,Feature,03:07,2016,December,Monday
Burna Boy,On Form,3SYsWlqIe7fL0PJc0rpMeC,I Told Them...,51r39Gm18d7yIS3PC1QD8B,2023-08-23,47.0,False,0.846,0.79,C#/Db,-5.719,Major,0.111,0.0217,0.0156,0.275,0.65,103.026,4.0,,Album,03:43,2023,August,Wednesday
Maxi,On My Way,316tSU0A4xdZFz4WYVLzZu,On My Way,5gMxzqk5zJ3bjzmHBiVeeE,2020-02-22,0.0,False,0.484,0.849,A#/Bb,-2.263,Minor,0.289,0.182,0.0,0.418,0.925,134.602,5.0,"Burna Boy, Marvellous Benjy",Feature,04:13,2020,February,Saturday
Burna Boy,On a Very Good Day (feat. Wande Coal),1wsWPqvz0Yc4YhyMdEHJcB,On a Spaceship,4tjD2jPZdPe3nqop8En6zb,2015-11-25,19.0,False,0.901,0.758,F,-4.209,Minor,0.0404,0.39,0.000484,0.165,0.706,115.944,4.0,Wande Coal,Album,03:43,2015,November,Wednesday
Burna Boy,Onyeka (Baby),398G0odwKJ892uyEYDlMBh,Twice As Tall,218CJKDCszsQQj7Amk7vIu,2020-08-13,38.0,False,0.825,0.685,D,-5.21,Major,0.0776,0.155,0.00977,0.102,0.304,102.03,4.0,,Album,03:22,2020,August,Thursday
Zingah,Ooo,0CYabImG5nKmsS2gqNPGDd,Ooo,6UUplLtUkYRYuQLutSAwYy,2018-01-08,17.0,True,0.834,0.676,F#/Gb,-7.839,Minor,0.352,0.302,0.0,0.556,0.78,75.011,4.0,"Maphorisa, Wizkid, Burna Boy",Feature,04:28,2018,January,Monday
Burna Boy,Outro: Remember Me,2NAtNEsLBjeoBBYf8C35t9,L.I.F.E - Leaving an Impact for Eternity (Deluxe Edition),5t1QPMQ3ssvP9gLLRPIckA,2013-08-12,24.0,False,0.406,0.513,G,-6.422,Minor,0.0518,0.018,0.0,0.364,0.234,78.008,4.0,,Album,03:40,2013,August,Monday
Stormzy,Own It (feat. Ed Sheeran & Burna Boy),4QPEwDdOMhY7rNS05mTyMR,Heavy Is The Head,3y4AaloFccKNLQcZNS9L8c,2019-12-13,65.0,False,0.817,0.781,G,-4.178,Minor,0.112,0.00838,5.21e-06,0.123,0.359,104.0,4.0,"Burna Boy, Ed Sheeran",Feature,03:36,2019,December,Friday
DJ Xclusive,Oyoyo,2Ub2LKkBcuXypdrTTUhhvp,According to X,2K68QnBW5jKb4BrYJAyI4t,2015-09-21,7.0,False,0.746,0.876,D,-3.666,Major,0.0576,0.0596,0.00226,0.182,0.562,116.022,4.0,Burna Boy,Feature,03:26,2015,September,Monday
"Young ""D""",PLAY AM REMIX,0Cr5LyY5D5X2nIiVFwWzMK,PLAY AM REMIX,4MfTExLURCkDC0JWcNZOL0,2019-06-21,21.0,False,0.723,0.888,C#/Db,-5.699,Major,0.155,0.25,0.0,0.0688,0.916,105.753,4.0,"Oritse Femi, Dj Norie, Burna Boy, Konshens",Feature,03:19,2019,June,Friday
Vybz Kartel,Personally - Remix,1TA08i092XeXrHdj6WUQLz,Personally (Remix),1O5Ca62Kp5zlkAz6QB4zN2,2017-03-10,20.0,True,0.679,0.723,F#/Gb,-10.129,Major,0.138,0.685,0.0,0.297,0.901,96.027,4.0,Burna Boy,Feature,03:14,2017,March,Friday
Burna Boy,Ph - Lagos - London - Paris,4zcZElotzQEkKLADdQ738F,"Best of Burn Series, Vol. 1",5lrPUSLO9MKGPi9SgaGNzw,2011-04-28,12.0,False,0.559,0.663,G,-6.2,Minor,0.185,0.132,0.0,0.0992,0.459,136.292,5.0,P.R.E.,Compilation,03:27,2011,April,Thursday
J Hus,Play Play (feat. Burna Boy),3R60ekRcGXuaoZmnbdlf3n,Big Conspiracy,3ORNNahv0Z1IU0AKoliZwn,2020-01-24,57.0,True,0.763,0.704,C,-4.818,Major,0.308,0.275,0.0,0.108,0.735,90.005,4.0,Burna Boy,Feature,03:25,2020,January,Friday
Burna Boy,Plenty Song,6BjTEPvVTZR6KG9Eyb9jBW,Redemption,038SZr5DtjpCRspMtzi6FY,2016-09-23,22.0,False,0.75,0.506,D,-9.165,Major,0.37,0.107,1.15e-05,0.109,0.396,92.547,4.0,,EP,02:44,2016,September,Friday
Burna Boy,Pree Me,77DZ4y4iWmGuNkZSAWbqgK,Best of Burna Boy,1FjaEQoMFoN5PtDsLcCcO7,2017-07-04,19.0,True,0.819,0.5,G#/Ab,-13.547,Minor,0.0812,0.252,0.0197,0.136,0.463,102.051,4.0,,Compilation,03:15,2017,July,Tuesday
Timaya,Pull Up,3qF8DcoQpQ1IXlMbTKHylP,Chulo Vibes,1JlzIGbFMWsyL5WBEADj6Q,2019-02-08,44.0,False,0.847,0.7,F#/Gb,-5.571,Major,0.0532,0.678,0.000129,0.0975,0.88,99.956,4.0,Burna Boy,Feature,03:16,2019,February,Friday
Burna Boy,Question (feat. Don Jazzy),163l4xzEe3JAfPbv0kYNQo,Question (feat. Don Jazzy),0QOalrk1Kbdbt6p38FgBdA,2021-08-24,41.0,False,0.847,0.527,E,-9.359,Major,0.0465,0.0854,0.000303,0.153,0.746,104.052,4.0,Don Jazzy,Single,02:48,2021,August,Tuesday
Busta Rhymes,ROBOSHOTTA (feat. Burna Boy),7DiylLh1Kdcd1q1dWRcJNq,BLOCKBUSTA,4XN6Kx1iUxtuhuAfh0zqZN,2023-11-24,36.0,True,0.787,0.759,B,-3.67,Major,0.504,0.275,0.0,0.641,0.961,95.839,4.0,Burna Boy,Feature,02:05,2023,November,Friday
Chip,Reaching,1RAf6COm05q20KM8WFSgvw,Reaching,6S9CuM9MES56lqsihWXmGp,2016-03-05,0.0,True,0.705,0.757,G,-7.083,Major,0.0789,0.104,0.0,0.0653,0.403,108.044,4.0,Burna Boy,Feature,03:37,2016,March,Saturday
Burna Boy,Ring Ring,6QmjfGeiky2j95ckhRqBFP,On a Spaceship,4tjD2jPZdPe3nqop8En6zb,2015-11-25,20.0,False,0.625,0.91,B,-4.578,Minor,0.0518,0.283,0.00293,0.0942,0.964,102.323,4.0,,Album,03:30,2015,November,Wednesday
Burna Boy,Rock Your Body,4LbEUmACVAFj8e0WrMUdlN,Outside,26du6obYLeY1vf6xIJ1l0D,2018-01-26,40.0,False,0.801,0.623,C,-7.861,Major,0.0982,0.107,0.00396,0.0853,0.801,104.985,4.0,,Album,03:41,2018,January,Friday
Burna Boy,Rockstar,4cMySyZzpTfLairRags48n,Best of Burna Boy,1FjaEQoMFoN5PtDsLcCcO7,2017-07-04,18.0,True,0.61,0.468,C,-9.905,Major,0.0964,0.239,0.0,0.111,0.912,182.155,4.0,,Compilation,03:56,2017,July,Tuesday
Burna Boy,Rollercoaster (feat. J Balvin),1RS3HF2sYSkSmzqFsDONhj,"Love, Damini",53s3xfNBbh5Z0Xv9IXjvi4,2022-07-06,46.0,False,0.774,0.687,A,-9.994,Major,0.0744,0.116,0.0012,0.129,0.791,98.994,4.0,J Balvin,Album,03:07,2022,July,Wednesday
MIST,Rollin' (feat. Burna Boy),5UZRiz52aaoW64Sp88qVQc,Rollin' (feat. Burna Boy),2bgY8geITSqxDXCANBdrg9,2021-06-24,43.0,True,0.722,0.844,D#/Eb,-2.258,Minor,0.091,0.0852,8.23e-05,0.122,0.746,109.938,4.0,Burna Boy,Feature,02:39,2021,June,Thursday
Becky G,Rotate,6wwT3PgG3eFuKCpxzjMJFs,Rotate,5FlP8dwJCTGLFk38tHDEiX,2021-02-22,43.0,False,0.91,0.856,B,-2.082,Minor,0.157,0.0346,0.000223,0.0624,0.771,109.029,4.0,Burna Boy,Feature,03:21,2021,February,Monday
Reminisce,Rude Gyal,6hRvbdVSgBo5HIMMFD7B6O,Alaga Ibile,5OYB18HJ63VskQrH7U4952,2013-11-07,6.0,True,0.64,0.737,A#/Bb,-3.066,Minor,0.085,0.403,0.0,0.0535,0.659,112.099,5.0,Burna Boy,Feature,03:34,2013,November,Thursday
Burna Boy,Run My Race,61BwxXFDtEu4Uq8iXxaYdG,Best of Burna Boy,1FjaEQoMFoN5PtDsLcCcO7,2017-07-04,21.0,True,0.748,0.963,B,-2.485,Minor,0.0863,0.0153,5.11e-05,0.0768,0.678,100.014,4.0,,Compilation,04:12,2017,July,Tuesday
Burna Boy,Say So,2ympTJan7fHe3brZ2ZUXEo,L.I.F.E - Leaving an Impact for Eternity (Deluxe Edition),5t1QPMQ3ssvP9gLLRPIckA,2013-08-12,23.0,False,0.565,0.903,G,-4.835,Minor,0.142,0.0435,0.0,0.0666,0.86,106.172,4.0,,Album,04:36,2013,August,Monday
Burna Boy,Science,5SoDaPgXA4C2BuTPPInaV2,"Love, Damini",6kgDkAupBVRSqbJPUaTJwQ,2022-07-07,46.0,False,0.873,0.713,F#/Gb,-5.614,Minor,0.102,0.0219,0.0214,0.336,0.839,101.996,4.0,,Album,03:21,2022,July,Thursday
Black Sherif,Second Sermon - Remix,574QNMkQGedluLOgr275s9,Second Sermon (Remix),2YaqeghqhsIi2u9fQjGBsq,2021-12-07,43.0,True,0.583,0.689,C#/Db,-5.19,Major,0.132,0.251,0.0,0.0791,0.932,139.284,4.0,Burna Boy,Feature,03:14,2021,December,Tuesday
Burna Boy,Secret (feat. Jeremih & Serani),3KSnA0j67IFkiwmEotMGin,African Giant,34vlTd4355ddD4q9pPsoqF,2019-07-25,49.0,True,0.504,0.919,C#/Db,-3.696,Major,0.0992,0.227,5.15e-05,0.104,0.622,136.197,5.0,"Jeremih, Serani",Album,03:23,2019,July,Thursday
Mel Rouge,Senpe (feat. Burna Boy),1EEM0qAKVggQqlujT3lLEI,Senpe (feat. Burna Boy),5xAS1oJjLwHzOchz6aKPbB,2016-10-09,0.0,False,0.728,0.929,G,-4.894,Major,0.0738,0.213,2.74e-05,0.35,0.59,109.116,4.0,Burna Boy,Feature,02:50,2016,October,Sunday
SPINALL,Serious,1jBWolZUnZ9zlUcgxrg5AF,Iyanu,7KHFrc650CEz6pSzLYTCFo,2018-10-26,0.0,False,0.825,0.682,B,-5.885,Minor,0.043,0.183,0.0417,0.097,0.568,107.999,4.0,Burna Boy,Feature,03:37,2018,October,Friday
DJ Neptune,Shayo,0b5FbZsRy9nkkLgf5Af7Dx,Greatness,2RSJZNCDSrp8LclefaUIir,2018-05-25,34.0,False,0.775,0.78,A,-3.201,Minor,0.0528,0.217,2.94e-06,0.193,0.859,109.823,4.0,Burna Boy,Feature,03:05,2018,May,Friday
Sarz,Shoknorris (feat. Burna Boy),64MMT8braSdq2MyqEeME1U,Shoknorris (feat. Burna Boy),6Mm3f64tkd6mMb4QpkTQVK,2014-08-18,10.0,False,0.715,0.765,G,-5.359,Major,0.13,0.0129,0.0033,0.121,0.479,125.044,4.0,Burna Boy,Feature,03:18,2014,August,Monday
Burna Boy,Show & Tell (feat. Future),5OIrK4siEmI35kUdV5Sc27,African Giant,79lrrUvUyIuOD12b5taQVP,2019-07-24,28.0,False,0.623,0.469,B,-11.599,Minor,0.296,0.052,1.44e-05,0.0587,0.548,200.29,4.0,Future,Album,02:42,2019,July,Wednesday
Headie One,Siberia (feat. Burna Boy),0lgUn1bN5txujF60W7YAbv,EDNA (Deluxe),4KxJRAHWvrJSIeftGB9PHP,2021-02-12,40.0,True,0.873,0.6,G,-7.178,Major,0.192,0.623,0.0,0.0701,0.705,124.01,4.0,Burna Boy,Feature,02:53,2021,February,Friday
Stonebwoy,Sick Inna Head (feat. Burna Boy),34CKvCOGsjOdcioupCi69l,Sick Inna Head (feat. Burna Boy),4YPqsjiSvqc7j4HMOP8s1V,2016-03-05,0.0,False,0.699,0.845,G#/Ab,-2.705,Major,0.0368,0.656,0.0,0.279,0.703,110.002,4.0,Burna Boy,Feature,03:13,2016,March,Saturday
Mahalia,Simmer (feat. Burna Boy),5S2TCmPS3UUrG3ZK7NBa7b,LOVE AND COMPROMISE,6tbaSZ6Q72kofaJtscUwFA,2019-09-06,59.0,False,0.693,0.744,F,-3.94,Minor,0.0496,0.227,0.0,0.244,0.64,91.722,4.0,Burna Boy,Feature,02:47,2019,September,Friday
Burna Boy,Single (feat. Wizkid),5jMVBG8g9mpMPviRopnY4k,On a Spaceship,4tjD2jPZdPe3nqop8En6zb,2015-11-25,23.0,False,0.862,0.77,C,-5.994,Minor,0.0677,0.326,4.4e-06,0.105,0.627,101.971,4.0,Wizkid,Album,03:31,2015,November,Wednesday
Burna Boy,Sittin' On Top Of The World,4L4m2mgZDF8KIkJPdWWIAf,Sittin' On Top Of The World,3QZxr89jANriqgMK02R9Bn,2023-06-01,56.0,True,0.787,0.848,G#/Ab,-4.095,Major,0.0516,0.0279,0.0058,0.109,0.681,98.051,4.0,,Single,02:39,2023,June,Thursday
Burna Boy,Sittin' On Top Of The World (feat. 21 Savage),0TIYRdf5622SXVPEDvawPy,I Told Them...,1JzjwUKkPsdHg1SQ7qa5hc,2023-08-24,52.0,True,0.797,0.848,C#/Db,-4.484,Major,0.0818,0.0326,0.000218,0.108,0.769,98.005,4.0,21 Savage,Album,03:08,2023,August,Thursday
Burna Boy,Smooth Sailing,4yrExZPoadOyNnjea8dMMQ,L.I.F.E - Leaving an Impact for Eternity (Deluxe Edition),5t1QPMQ3ssvP9gLLRPIckA,2013-08-12,24.0,False,0.445,0.862,F,-7.339,Minor,0.125,0.00153,0.0,0.16,0.563,197.832,4.0,,Album,04:06,2013,August,Monday
Burna Boy,Soke,4bzS0aUqNJIKiXk86k4tol,On a Spaceship,6NW4thIIMVcb6Wedxqu6ev,2015-03-13,47.0,False,0.647,0.497,A,-11.174,Major,0.104,0.599,5.86e-06,0.102,0.883,203.868,4.0,,Album,03:38,2015,March,Friday
Burna Boy,Solid (feat. Blxst & Kehlani),5ftzq1soEFee8ekgV2mAaa,"Love, Damini",53s3xfNBbh5Z0Xv9IXjvi4,2022-07-06,41.0,False,0.553,0.509,C#/Db,-9.429,Major,0.339,0.149,1.86e-05,0.094,0.718,199.872,4.0,"Blxst, Kehlani",Album,03:15,2022,July,Wednesday
Olamide,Sons of Anarchy (feat. Burna Boy & Phyno),5ArzfZrKeWP8dfzDRArGsL,The Glory,6z6r9RgyDDp35cfOAixpvq,2016-12-26,27.0,True,0.458,0.848,B,-2.964,Major,0.364,0.669,0.0,0.0952,0.883,204.999,4.0,"Burna Boy, Phyno",Feature,02:20,2016,December,Monday
Sarkodie,Special Sumone (feat. Burna Boy n Aka),7iwOlLnaysT2Z92dx3PTio,Sarkology,1FUPZGZNwvXHj5F5M8UTOb,2014-01-02,32.0,False,0.47,0.869,D#/Eb,-6.257,Major,0.0577,0.173,1.95e-06,0.0952,0.706,122.028,4.0,Burna Boy N Aka,Feature,04:18,2014,January,Thursday
Burna Boy,Spiritual,5nc35fYrpKw3EPd5i9jqqP,African Giant,34vlTd4355ddD4q9pPsoqF,2019-07-25,38.0,False,0.884,0.714,F#/Gb,-5.989,Minor,0.0775,0.144,1.01e-05,0.143,0.644,113.025,4.0,,Album,03:41,2019,July,Thursday
Kabza De Small,Sponono,5T6wd1ScvJGSz17zMCugW0,I Am The King Of Amapiano: Sweet & Dust,5YiIm4cWzk8dDshWB179mE,2020-06-26,0.0,False,0.899,0.558,D,-12.303,Minor,0.0796,0.0533,0.00332,0.0218,0.401,113.011,4.0,"Wizkid, Burna Boy, Cassper Nyovest, Madumane",Feature,06:35,2020,June,Friday
Asake,Sungba (feat. Burna Boy) - Remix,5FtWjKVBTMklN2yCP9UhF6,Sungba (Remix) [feat. Burna Boy],4zK5YK5uXEDbGPnvv7DCNE,2022-03-27,48.0,False,0.861,0.588,G,-8.861,Major,0.243,0.00913,0.0,0.0591,0.705,111.995,4.0,Burna Boy,Feature,03:30,2022,March,Sunday
Fall Out Boy,Sunshine Riptide,0ZqqrBHeSeyZahfcyw9N8O,MANIA,16xtTZvPH6PXcwSqYqJHHG,2018-01-19,44.0,True,0.584,0.732,B,-5.186,Major,0.0386,0.00165,0.0,0.0462,0.805,133.98,4.0,Burna Boy,Feature,03:24,2018,January,Friday
Stonebwoy,Take You Home,29CIAWmXSlwuUirmuI18BN,Epistles of Mama,22SPXtFzEEjbhUCDB44BQk,2018-06-27,0.0,True,0.554,0.589,G,-7.142,Minor,0.192,0.409,0.0,0.247,0.908,75.844,4.0,"Burna Boy, Aka",Feature,04:16,2018,June,Wednesday
Burna Boy,Talibans II,5zq5fYXIE7X842DD5HBiiB,Talibans II,4EouhaKTJkW8xRpLsCz7va,2023-07-20,54.0,True,0.914,0.505,A,-6.77,Minor,0.31,0.227,2.73e-06,0.132,0.54,102.937,4.0,Byron Messia,Feature,02:56,2023,July,Thursday
Burna Boy,Talibans II - Bonus Track,1WsIk6g7dD8LZouywnzGUb,I Told Them...,1JzjwUKkPsdHg1SQ7qa5hc,2023-08-24,57.0,True,0.914,0.505,A,-6.77,Minor,0.31,0.227,2.73e-06,0.132,0.54,102.937,4.0,Byron Messia,Album,02:56,2023,August,Thursday
Skales,Temper - Remix,1A9LsiV1SRIOO1ORrRdZJH,Temper (Remix),0fR6dadbvy4R7CvBtGRL51,2016-12-23,0.0,False,0.846,0.907,F,-3.007,Minor,0.136,0.467,0.00191,0.0916,0.963,99.971,4.0,Burna Boy,Feature,03:52,2016,December,Friday
Burna Boy,"Tested, Approved & Trusted",05A6mr7C2bP7uPrEQrj9qk,I Told Them...,51r39Gm18d7yIS3PC1QD8B,2023-08-23,58.0,False,0.821,0.482,F#/Gb,-9.976,Major,0.0941,0.161,2.71e-06,0.0885,0.647,93.043,4.0,,Album,03:40,2023,August,Wednesday
Burna Boy,Thanks (feat. J. Cole),5u4tCaoXc4Dbgirz7zW51h,I Told Them...,51r39Gm18d7yIS3PC1QD8B,2023-08-23,19.0,False,0.742,0.642,A,-6.716,Major,0.156,0.669,0.0,0.0933,0.82,93.001,4.0,J. Cole,Album,03:36,2023,August,Wednesday
Burna Boy,Time Flies (feat. Sauti Sol),4jZ6qYMSOsbYF8f30z9VDM,Twice As Tall,218CJKDCszsQQj7Amk7vIu,2020-08-13,31.0,False,0.631,0.719,C#/Db,-6.703,Minor,0.128,0.059,0.00144,0.0807,0.835,193.909,4.0,Sauti Sol,Album,03:44,2020,August,Thursday
M.anifest,Tomorrow,2eG4u4LHx1LpNjokkvsNmn,The Gamble,2qhCjeSlCUR3EeSceXNWbo,2019-11-28,42.0,False,0.682,0.689,F,-5.272,Minor,0.174,0.438,3.79e-05,0.194,0.817,106.721,4.0,Burna Boy,Feature,03:22,2019,November,Thursday
Burna Boy,Toni-Ann Singh (feat. Popcaan),1BvibYuEsGL4HZRTOAc4vz,"Love, Damini",53s3xfNBbh5Z0Xv9IXjvi4,2022-07-06,14.0,False,0.664,0.609,F,-6.456,Minor,0.449,0.385,1.03e-06,0.23,0.874,199.478,4.0,Popcaan,Album,02:55,2022,July,Wednesday
Burna Boy,Tonight,2mvHP8nyAjelQ4V3ii8fBZ,Best of Burna Boy,1FjaEQoMFoN5PtDsLcCcO7,2017-07-04,28.0,True,0.789,0.625,F,-8.744,Minor,0.0512,0.0121,0.0,0.0759,0.705,112.044,4.0,,Compilation,04:03,2017,July,Tuesday
Show Dem Camp,True Story,5yF6rAbpAvXL2oLUE1nIZ4,The Palmwine Express,7EMUWOg9KTQVsqFiy3oeLK,2019-12-13,0.0,False,0.829,0.666,C#/Db,-8.141,Minor,0.208,0.557,0.000961,0.0916,0.813,101.916,4.0,Burna Boy,Feature,03:54,2019,December,Friday
TitoM,Tshwala Bam (feat. S.N.E),6cyXHTix4NQ069gKJEYv41,Tshwala Bam (feat. S.N.E),1ZyNY4zHrl8MMzZ5li2Pm2,2024-05-13,67.0,False,0.813,0.552,E,-12.066,Minor,0.0426,0.0639,0.00667,0.0951,0.517,112.022,4.0,"Yuppe, Burna Boy, S.N.E",Feature,03:23,2024,May,Monday
LeriQ,Turn Up,05spGuR6Rh2u6X5tqBhfKK,The Lost Sounds,2L0hy6oP1fFAih809pgHQq,2015-08-28,0.0,False,0.553,0.782,C#/Db,-2.292,Major,0.232,0.101,0.0,0.138,0.634,124.937,4.0,"Burna Boy, Phyno",Feature,03:56,2015,August,Friday
Burna Boy,U Madt,4TK2yIQe8hb0xVDx44iEGU,"Best of Burn Series, Vol. 1",5lrPUSLO9MKGPi9SgaGNzw,2011-04-28,11.0,True,0.686,0.923,C,-6.668,Major,0.045,0.0129,0.0,0.112,0.879,145.017,4.0,,Compilation,02:32,2011,April,Thursday
Omar Sterling,Unruly,1tVFR2LnZxfa0TFHZS901j,Unruly,37Y8fXItutlacZVHdmtknH,2017-01-19,1.0,True,0.762,0.745,G,-7.174,Minor,0.32,0.474,0.0,0.0991,0.733,89.914,4.0,Burna Boy,Feature,03:41,2017,January,Thursday
Burna Boy,Vanilla,0jjH8vwVEENKNpDPWWOwuK,"Love, Damini",6kgDkAupBVRSqbJPUaTJwQ,2022-07-07,48.0,False,0.806,0.675,A,-7.225,Minor,0.0675,0.236,0.014,0.637,0.719,100.006,4.0,,Album,02:35,2022,July,Thursday
Burna Boy,Virgil,1kIDH0reJ9mizRwWMaTri7,I Told Them...,51r39Gm18d7yIS3PC1QD8B,2023-08-23,16.0,False,0.658,0.492,F,-10.301,Minor,0.322,0.985,9.26e-06,0.258,0.887,87.523,4.0,,Album,01:19,2023,August,Wednesday
Burna Boy,Want It All (feat. Polo G),45s98gUcOcj5nJeFDNLH2g,Want It All (feat. Polo G),4sfZvwEahjF7he9xtv3Ftf,2021-09-30,47.0,True,0.519,0.568,C#/Db,-9.551,Major,0.155,0.211,1.73e-06,0.0912,0.707,159.988,4.0,Polo G,Single,03:52,2021,September,Thursday
Burna Boy,Way Too Big,4rlaH7EbXL55bj9pvp57nP,Twice As Tall,218CJKDCszsQQj7Amk7vIu,2020-08-13,45.0,True,0.787,0.7,F,-7.821,Minor,0.0446,0.226,0.000698,0.165,0.331,113.997,4.0,,Album,03:20,2020,August,Thursday
2Baba,We Must Groove (feat. Burna Boy),7gcSJyitQE3OUWhEI7YTkB,Warriors,5NqcaCfak06QPIY7gXFnsK,2020-02-28,30.0,False,0.715,0.917,A,-2.986,Minor,0.164,0.0689,9.67e-06,0.0799,0.791,173.898,4.0,Burna Boy,Feature,03:45,2020,February,Friday
Burna Boy,We On,3sd5uaDOiRJKnHYrWFYpxU,Redemption,0iFm8vnIeZcrxqAHIBsj6H,2016-09-23,25.0,True,0.593,0.46,C#/Db,-9.884,Major,0.261,0.412,3.16e-05,0.143,0.311,120.032,4.0,,EP,02:55,2016,September,Friday
Burna Boy,Wetin Dey Sup,0LYCMAknNcjh3VuLrqMguo,Twice As Tall,218CJKDCszsQQj7Amk7vIu,2020-08-13,35.0,True,0.737,0.577,C,-6.363,Minor,0.203,0.58,0.000272,0.351,0.695,101.824,4.0,,Album,03:37,2020,August,Thursday
Burna Boy,Whiskey,4DPvMjCqZPTBDpahYjMSy2,"Love, Damini",6kgDkAupBVRSqbJPUaTJwQ,2022-07-07,37.0,False,0.679,0.455,G,-8.174,Minor,0.382,0.0492,0.00405,0.284,0.838,134.81,3.0,,Album,03:23,2022,July,Thursday
Angel feat. Burna Boy,Window,19CehsANyH1PItrwqA4PK3,Possession With Intent,3FfBqktD6ZQCnNQOec7FSf,2014-11-02,6.0,False,0.566,0.751,B,-2.53,Minor,0.116,0.049,2.81e-05,0.364,0.338,120.498,3.0,,Feature,03:30,2014,November,Sunday
Goody Grace,Winter (feat. Burna Boy),1X6gYzV8Qxi6TV8ylK2E9T,Don't Forget Where You Came From,3kYDYtruq1Vw1INE5UjV3u,2021-02-26,25.0,True,0.72,0.529,F#/Gb,-6.096,Major,0.128,0.083,7.19e-05,0.105,0.36,77.502,4.0,Burna Boy,Feature,02:29,2021,February,Friday
Chopstix,Woman,64HvD1xJ81fCHFmA0Xfjla,Woman,0JvKr750QYCcpEIpc5FSpr,2017-01-04,0.0,True,0.771,0.653,A#/Bb,-8.353,Minor,0.0497,0.0704,0.0,0.0515,0.721,104.108,4.0,"Yung L, Burna Boy",Feature,02:50,2017,January,Wednesday
Burna Boy,Won Da Mo,4UG8EvmP7R5fTSIuCn8B8V,Best of Burna Boy,1FjaEQoMFoN5PtDsLcCcO7,2017-07-04,36.0,True,0.711,0.901,G,-4.945,Major,0.178,0.011,0.0,0.102,0.586,152.045,4.0,Dbanj,Compilation,04:12,2017,July,Tuesday
Burna Boy,Wonderful,2kwo51IhaxeoWC4DbDZECi,Twice As Tall,218CJKDCszsQQj7Amk7vIu,2020-08-13,37.0,False,0.823,0.598,B,-6.482,Major,0.0499,0.0375,0.00418,0.104,0.561,118.928,4.0,,Album,03:33,2020,August,Thursday
P.R.E.,Wonleto,3GilHeQVU1hjk8dYC3eyGY,Wonleto,2fVWQn7pG564vBfnLsCTmC,2017-02-19,19.0,False,0.646,0.931,D#/Eb,-1.498,Minor,0.122,0.519,0.0,0.125,0.939,68.702,3.0,Burna Boy,Feature,03:16,2017,February,Sunday
DJ Tarico,Yaba Buluku (feat. Preck & Nelson Tivane) - Remix,3KD8PhFfq5zQBAwwRvzG1i,Yaba Buluku (feat. Preck & Nelson Tivane) [Remix],1vc9def4aoS2RJZJzyw5Vi,2021-06-21,47.0,False,0.817,0.899,D,-5.531,Major,0.0786,0.342,0.0,0.5,0.743,111.976,4.0,"Burna Boy, Preck, Nelson Tivane",Feature,03:34,2021,June,Monday
Burna Boy,YawaDey,6AvkkIpvCAwNEf3lFkJdDY,Best of Burna Boy,1FjaEQoMFoN5PtDsLcCcO7,2017-07-04,39.0,True,0.795,0.577,F#/Gb,-10.143,Major,0.0645,0.0135,0.000147,0.0632,0.728,102.993,4.0,,Compilation,03:57,2017,July,Tuesday
Burna Boy,Ye,3FskQrDXcY24ur2fCvz35O,Outside,26du6obYLeY1vf6xIJ1l0D,2018-01-26,66.0,True,0.503,0.592,F,-5.923,Minor,0.444,0.0181,0.00014,0.169,0.344,201.85,4.0,,Album,03:51,2018,January,Friday
Lily Allen,Your Choice (feat. Burna Boy),49HM5sZr87pUMEglnq6AP4,No Shame,0DriDL7OcMeMENJWAElSYL,2018-06-08,31.0,True,0.817,0.616,E,-5.003,Major,0.0402,0.128,9.9e-05,0.0917,0.621,102.005,4.0,Burna Boy,Feature,03:42,2018,June,Friday
Rita Ora,Your Song (feat. Burna Boy) - TeamSalut Remix,2b9ddiYfF6muHsWdtcjCAb,Your Song (feat. Burna Boy) [TeamSalut Remix],7iZf139fgLlLKqoOQx7eFn,2017-07-17,17.0,False,0.757,0.386,A#/Bb,-16.194,Minor,0.074,0.0419,6.19e-05,0.191,0.737,117.958,4.0,"Burna Boy, Team Salut",Feature,04:00,2017,July,Monday
21 Savage,just like me,5KI7I4mEtulXcv5VQJaV35,american dream,2RRYaYHY7fIIdvFlvgb5vq,2024-01-12,60.0,True,0.701,0.653,C#/Db,-4.695,Major,0.105,0.479,2.82e-05,0.306,0.505,82.984,4.0,"Burna Boy, Metro Boomin",Feature,03:51,2024,January,Friday
