,artist_name,track_name,track_id,album_name,album_id,release_date,popularity,explicit,danceability,duration_ms,energy,key,loudness,mode,speechiness,acousticness,instrumentalness,liveness,valence,tempo,time_signature,featured_artists
1,Young Thug,Check,1jk9c0gZI0wbn5GvAj7PBV,Barter 6,0BsMZIueWsJLWng8A7sE8e,2015-04-16,63,True,0.667,230693,0.581,0,-5.164,0,0.323,0.0428,0.0,0.183,0.368,110.953,4,[]
3,Young Thug,Hot (feat. Gunna),5Z8HZM6iQMhhqyPcCGY5g9,So Much Fun,1bnHPO4dKK7IjvgrtVBcQh,2019-08-16,65,True,0.855,193027,0.651,0,-8.044,0,0.235,0.063,0.0,0.0772,0.559,111.997,4,['Gunna']
5,Young Thug,Oh U Went (feat. Drake),7qLr3HMApUbyDkUvgIvHnB,BUSINESS IS BUSINESS,6qElaeK7SHsEzb8uV8eG3D,2023-06-23,65,True,0.808,185333,0.789,7,-5.88,0,0.236,0.0517,0.0,0.0819,0.465,136.01,4,['Drake']
7,Young Thug,Digits,4cg1yakyRSIOjxKM2I7J1q,Slime Season 3,2z4c8M8aVzl7CTobIp36KF,2016-03-25,66,True,0.769,176387,0.632,10,-4.228,0,0.0537,0.0325,0.0,0.116,0.294,131.932,4,[]
9,Young Thug,Money On The Dresser,0k88aN0xmk8Xn1zdnyTiPG,BUSINESS IS BUSINESS,6qElaeK7SHsEzb8uV8eG3D,2023-06-23,46,True,0.896,133000,0.648,8,-6.903,1,0.267,0.000107,0.00826,0.105,0.441,159.982,4,[]
10,Young Thug,OD,7fheaybAcABeiuYU6VgDrQ,Barter 6,0BsMZIueWsJLWng8A7sE8e,2015-04-16,44,True,0.51,285653,0.533,7,-6.194,1,0.359,0.194,0.0,0.117,0.262,88.154,4,[]
11,Young Thug,Numbers,1kWVgfctc2JUKCqlsZGWbU,Barter 6,0BsMZIueWsJLWng8A7sE8e,2015-04-16,46,True,0.656,207693,0.606,1,-5.398,1,0.283,0.134,0.0,0.0921,0.614,140.01,4,[]
12,Young Thug,Scoliosis (with Lil Double 0),5vkrDTKB9xWraHlj0EY1pf,Punk,7IKkHmEk4It4cRdOYanyvW,2021-10-15,47,True,0.917,170496,0.631,2,-6.817,1,0.244,0.00365,0.0,0.35,0.493,129.965,4,['Lil Double 0']
13,Young Thug,Stupid/Asking,5UZxoK9vuNm5uXzIpE4nC7,Punk,7IKkHmEk4It4cRdOYanyvW,2021-10-15,44,True,0.586,333751,0.501,1,-11.193,1,0.362,0.497,1.33e-06,0.372,0.473,109.482,5,[]
14,Young Thug,Worth It,5QCr1xFufKJOTkpcR9ih24,Slime Season 3,2z4c8M8aVzl7CTobIp36KF,2016-03-25,51,True,0.604,186026,0.435,4,-9.191,0,0.135,0.0326,0.0,0.091,0.112,136.827,4,[]
15,Young Thug,Myself,7xPYUbsmB0jItocBfLjO1N,Slime Season 4,5Dwws0oO0fQLDsrwZE7rvW,2017-12-04,33,True,0.503,288053,0.543,10,-8.203,0,0.453,0.0124,0.0,0.0627,0.369,82.991,4,[]
16,Young Thug,Fifth Day Dead,5314IYHnvVMlWPpxolaOFu,Punk,7IKkHmEk4It4cRdOYanyvW,2021-10-15,44,True,0.692,150236,0.365,2,-13.474,1,0.438,0.263,0.0,0.097,0.199,179.922,4,[]
18,Young Thug,"Slime Shit (feat. Yak Gotti, Duke & Peewee Roscoe)",7iynYKl5NWdjM1FXTzs6hw,Slime Season 3,2z4c8M8aVzl7CTobIp36KF,2016-03-25,47,True,0.896,278040,0.423,8,-7.987,1,0.44,0.02,0.0,0.182,0.282,132.928,4,"['Yak Gotti', 'Duke', 'PeeWee Roscoe']"
20,Young Thug,Die Today,0yZpMYvpqopK9adJrDT3S9,So Much Fun (Deluxe),24jAbLMFzCTlIv3kQ94HwK,2019-12-20,46,True,0.941,180507,0.418,10,-10.382,0,0.296,0.0121,0.0,0.126,0.518,135.001,4,[]
21,Young Thug,From A Man,3CUMd8XMv3LBSLrDrKoXQE,From A Man,3Ut8zKJlqFVRMqwcAww9bP,2023-10-13,48,True,0.542,207133,0.695,11,-6.539,0,0.183,0.0111,0.0,0.114,0.306,70.934,1,[]
22,Young Thug,"Guwop (feat. Quavo, Offset and Young Scooter)",1BSA5I386L2IAmFQURYjIz,JEFFERY,7EpUpNUkkEGnaCvkcn1j4H,2016-08-26,53,True,0.883,315973,0.616,0,-7.218,0,0.274,0.014,1.48e-06,0.0967,0.482,141.969,4,"['Quavo', 'Offset', 'Young Scooter']"
24,Young Thug,RiRi,20rZiHL20MTJjfhLQZQsm4,JEFFERY,7EpUpNUkkEGnaCvkcn1j4H,2016-08-26,48,True,0.677,244320,0.489,8,-7.385,1,0.277,0.0144,0.0,0.318,0.457,139.848,4,[]
25,Young Thug,Road Rage,4rMRWTyCqdXz4UD5RFGJoG,Punk,7IKkHmEk4It4cRdOYanyvW,2021-10-15,41,True,0.624,152640,0.327,1,-14.902,0,0.892,0.0346,0.0,0.102,0.421,78.584,4,[]
26,Young Thug,Gangster Shit,4AwJDh8ErDvjeiswR41DKM,Gangster Shit,2DHzI9Jnhf4HDO7jprAgkA,2016-06-10,48,True,0.781,160760,0.57,1,-5.555,0,0.296,0.117,0.0,0.112,0.354,173.991,4,[]
27,Young Thug,Future Swag,1ckxFDBKrcepE6pDmayXzP,JEFFERY,7EpUpNUkkEGnaCvkcn1j4H,2016-08-26,48,True,0.674,165867,0.664,9,-6.021,1,0.0906,0.0107,0.0,0.275,0.451,154.039,4,[]
28,Young Thug,Jumped Out the Window,0o7Zga5TFy35CcivyPDO5m,So Much Fun,1bnHPO4dKK7IjvgrtVBcQh,2019-08-16,47,True,0.928,204027,0.515,1,-8.306,1,0.0859,0.00081,0.0,0.235,0.387,138.049,4,[]
29,Young Thug,Die Slow (with Strick),6wuGK7wlZFjX2NYmParJwl,Punk,7IKkHmEk4It4cRdOYanyvW,2021-10-15,46,True,0.558,237572,0.211,10,-14.575,1,0.0453,0.799,0.000385,0.106,0.159,80.688,4,['Strick']
30,Young Thug,Stoner,1jROHCeEzDr6VnV8EnBnik,Stoner,3mEM2ULIptDPwU07OLk1qy,2014-02-04,46,True,0.876,240000,0.675,3,-3.28,0,0.146,0.421,1.16e-06,0.0667,0.606,135.959,4,[]
31,Young Thug,Hoodie (feat. BSlime & Lil Gotit),6tCmZiMZDwAYSfjnArGG48,BUSINESS IS BUSINESS,6qElaeK7SHsEzb8uV8eG3D,2023-06-23,43,True,0.506,215600,0.598,1,-8.476,1,0.415,0.000431,0.0,0.105,0.222,169.717,4,"['Bslime', 'Lil Gotit']"
32,Young Thug,Tattoos,1vbUiccx25u2ncTe4RujS2,Slime Season 3,2z4c8M8aVzl7CTobIp36KF,2016-03-25,45,True,0.822,241813,0.685,1,-5.872,0,0.0837,0.0039,0.0,0.242,0.306,102.033,4,[]
33,Young Thug,Dope Boy (with Nigo),0lkuxJh3uo9gnAEz31XX5w,Dope Boy,1UF8w8b1jF5NEAmjZpw5fC,2024-09-27,49,False,0.682,92133,0.721,11,-8.048,1,0.43,0.109,0.0,0.334,0.695,85.03,4,['Nigo']
34,Young Thug,Big Tipper (feat. Lil Keed),2ppp5hZ4TX9NlrycVEeH3l,So Much Fun (Deluxe),24jAbLMFzCTlIv3kQ94HwK,2019-12-20,38,True,0.898,223173,0.589,2,-7.841,1,0.27,0.000709,0.0,0.164,0.277,155.005,4,['Lil Keed']
35,Young Thug,Cartier Gucci Scarf (feat. Lil Duke),3TWSar7EBNWZVeEWqDSjpw,So Much Fun,1bnHPO4dKK7IjvgrtVBcQh,2019-08-16,42,True,0.935,198173,0.505,1,-7.155,0,0.0931,0.0508,0.0,0.0841,0.183,128.044,4,['Lil Duke']
36,Young Thug,Drippin',0f85bMoarvHbdIcfhDjSjN,Slime Season 3,2z4c8M8aVzl7CTobIp36KF,2016-03-25,45,True,0.947,186453,0.602,0,-7.275,1,0.0744,0.0515,0.0,0.0921,0.347,103.961,4,[]
37,Young Thug,Jonesboro,3sSlrxRD9X1jYCzBtbbiwg,BUSINESS IS BUSINESS (Metro's Version),0z2a9VgdVmkr0DInVJUgu6,2023-06-26,42,True,0.682,163800,0.635,7,-6.38,1,0.244,0.514,3.27e-06,0.189,0.249,113.698,5,[]
38,Young Thug,I Bought Her (feat. Lil Duke),7HPUVxJdwGMujRmstBlvp7,So Much Fun,1bnHPO4dKK7IjvgrtVBcQh,2019-08-16,42,True,0.913,201747,0.57,7,-7.886,1,0.248,0.000462,0.0,0.063,0.607,136.079,4,['Lil Duke']
39,Young Thug,Hercules,5MD2QLnFM2ChpKAh33z0zr,I'm Up,4sAB9WulPpnAcig7alDGTg,2016-02-05,50,True,0.742,280831,0.559,5,-5.876,1,0.141,0.0324,0.0,0.0987,0.431,146.923,4,[]
40,Young Thug,Abracadabra (feat. Travis Scott),4Zsi5pyvmZBxvRg0KeDFMC,BUSINESS IS BUSINESS,6qElaeK7SHsEzb8uV8eG3D,2023-06-23,51,True,0.65,247733,0.565,8,-6.597,0,0.225,0.0342,0.0,0.111,0.377,163.281,4,['Travis Scott']
42,Young Thug,Tick Tock,3JXebpWufTcs8iegiRCBW7,Tick Tock,7K0mSkUKYnyrOQ4ko2fl7N,2021-08-20,44,True,0.944,159240,0.693,11,-8.605,0,0.266,0.00789,0.0,0.164,0.626,134.061,4,[]
43,Young Thug,Peepin Out The Window (with Future & Bslime),03kozlqpm5twrblZia0m9j,Punk,7IKkHmEk4It4cRdOYanyvW,2021-10-15,46,True,0.509,237263,0.51,4,-9.522,0,0.425,0.176,0.0,0.223,0.22,82.407,4,"['Bslime', 'Future']"
45,Young Thug,Problem,1o5jdqnWybW9Mau4GDWPMa,Slime Season 3,2z4c8M8aVzl7CTobIp36KF,2016-03-25,48,True,0.872,241453,0.639,8,-5.658,0,0.103,0.125,0.0,0.144,0.469,111.968,4,[]
47,Young Thug,Surf (feat. Gunna),4bDucmQDna7svslTkXP0YR,So Much Fun (Deluxe),24jAbLMFzCTlIv3kQ94HwK,2019-12-20,41,True,0.93,184093,0.561,0,-8.053,1,0.25,0.101,0.0,0.0992,0.596,140.987,4,['Gunna']
49,Young Thug,Want Me Dead (feat. 21 Savage),4r4rpFbzk8LDKosME0ZW1C,BUSINESS IS BUSINESS (Metro's Version),0z2a9VgdVmkr0DInVJUgu6,2023-06-26,42,True,0.833,194707,0.6,6,-8.287,0,0.375,0.204,0.0,0.147,0.491,133.22,4,['21 Savage']
50,Young Thug,Faces,29GvhwlStyNr9BQTX4M9qx,Punk,7IKkHmEk4It4cRdOYanyvW,2021-10-15,40,True,0.557,132485,0.488,0,-9.698,1,0.382,0.0511,0.0,0.158,0.35,84.129,4,[]
51,Young Thug,Swizz Beatz,539wfGOsGcRmT1IBVUfiJV,JEFFERY,7EpUpNUkkEGnaCvkcn1j4H,2016-08-26,45,True,0.831,196467,0.532,4,-7.047,0,0.338,0.245,0.000131,0.314,0.517,130.0,4,[]
52,Young Thug,Dome (feat. Duke),5kBmoWvzfQgpd1pVGwFwab,Barter 6,0BsMZIueWsJLWng8A7sE8e,2015-04-16,46,True,0.843,231293,0.564,5,-6.004,0,0.242,0.0383,0.0,0.39,0.565,112.938,4,['Duke']
53,Young Thug,Sin (feat. Jaden Smith),1Jl21sidRpEdlVBvYbssLx,On the Run,6VCDStheOuhrQaoYbHP2iO,2018-09-24,50,True,0.889,202533,0.385,11,-11.767,0,0.165,0.00544,0.0,0.274,0.235,125.995,4,['Jaden']
54,Young Thug,Cruise Ship,3C4FUqrrjuvWoHwsumWfIu,SUPER SLIMEY,187UNqZ7MX3neMYkkevmdm,2017-10-20,46,True,0.793,166467,0.742,0,-6.185,1,0.21,0.0107,0.0,0.119,0.21,150.076,4,[]
56,Young Thug,Me or Us,0JaN65P0DapRjboDEv2g08,Beautiful Thugger Girls,51KZKzPd3OQT1r46a55VTt,2017-06-16,43,True,0.682,157880,0.251,5,-12.824,1,0.244,0.664,1.06e-05,0.144,0.419,80.041,4,[]
58,Young Thug,Just How It Is,5OC4vQl6XKvsCzgrPwzY1q,So Much Fun (Deluxe),24jAbLMFzCTlIv3kQ94HwK,2019-12-20,41,True,0.611,207133,0.539,7,-10.617,1,0.411,0.0485,0.0,0.127,0.627,82.766,4,[]
60,Young Thug,Mad Dog,5vg13q0WVz8iamRtUjaVU0,BUSINESS IS BUSINESS,6qElaeK7SHsEzb8uV8eG3D,2023-06-23,44,True,0.648,229000,0.5,6,-6.263,0,0.198,0.0242,0.0,0.167,0.362,159.857,4,[]
61,Young Thug,Went Thru It,69eqSx7e4dIyEOhoPff0WS,BUSINESS IS BUSINESS (Metro's Version),0z2a9VgdVmkr0DInVJUgu6,2023-06-26,36,True,0.863,155733,0.66,2,-7.016,1,0.16,0.0312,6.08e-06,0.236,0.236,92.511,4,[]
62,Young Thug,Killed Before,0jPLBur1qXRfj3pbuJSX03,SUPER SLIMEY,187UNqZ7MX3neMYkkevmdm,2017-10-20,49,True,0.697,220707,0.675,7,-4.688,1,0.317,0.275,0.0,0.0767,0.292,158.133,4,[]
63,Young Thug,"Love You More (with Nate Ruess, Gunna & Jeff Bhasker)",4pUxYUHVKXWsgGhEhOu7R9,Punk,7IKkHmEk4It4cRdOYanyvW,2021-10-15,48,True,0.668,221913,0.376,6,-10.865,1,0.0575,0.575,0.00111,0.103,0.246,137.981,4,"['Gunna', 'Jeff Bhasker', 'Nate Ruess']"
64,Young Thug,Cars Bring Me Out (feat. Future),0GY3LiAOOOYIIDv53TXbjR,BUSINESS IS BUSINESS (Metro's Version),0z2a9VgdVmkr0DInVJUgu6,2023-06-26,39,True,0.759,202933,0.741,10,-6.065,0,0.171,0.0192,0.0,0.145,0.69,100.054,4,['Future']
65,Young Thug,Insure My Wrist (with Gunna),26PSkNzsEBx1BRRB4vY4n5,Punk,7IKkHmEk4It4cRdOYanyvW,2021-10-15,44,True,0.607,168863,0.646,8,-10.39,0,0.351,0.221,0.0,0.0744,0.547,86.009,4,['Gunna']
66,Young Thug,Dream (feat. Yak Gotti),1SkR9g1l9NipSZhZPJsbOT,Barter 6,0BsMZIueWsJLWng8A7sE8e,2015-04-16,46,True,0.854,181400,0.468,1,-6.506,1,0.384,0.0448,0.0,0.165,0.223,140.096,4,['Yak Gotti']
67,Young Thug,You Said (feat. Quavo),1gUakci7HwPcImtp0i79N3,Beautiful Thugger Girls,51KZKzPd3OQT1r46a55VTt,2017-06-16,47,True,0.577,402067,0.557,8,-6.894,1,0.114,0.147,0.0,0.21,0.177,119.977,4,['Quavo']
69,Young Thug,730,1WgUNPyPEUGIIysgCksJ7a,Rich Homie Cartel Vol 1,65LaTW7Q12QKrF9xcMFN8M,2014-12-09,34,True,0.779,246387,0.781,8,-3.501,1,0.121,0.108,0.0,0.21,0.225,126.979,4,[]
72,Young Thug,Oh U Went (feat. Drake),0AslrwYTun10F8W16o6LYd,BUSINESS IS BUSINESS,7CLo0dKR7Zk97M2TLO8mb8,2023-06-22,37,False,0.808,185333,0.78,5,-5.909,1,0.249,0.0469,0.0,0.102,0.488,136.038,4,['Drake']
73,Young Thug,Family Don't Matter (feat. Millie Go Lightly),445YTBOjx9kYThBepGA9au,Beautiful Thugger Girls,51KZKzPd3OQT1r46a55VTt,2017-06-16,47,True,0.63,295267,0.436,7,-10.218,1,0.433,0.172,0.0,0.429,0.691,145.066,4,['Millie Go Lightly']
76,Young Thug,She Wanna Party (feat. Millie Go Lightly),3WL6yCfh0zw2MxVSWSe0G1,Beautiful Thugger Girls,51KZKzPd3OQT1r46a55VTt,2017-06-16,43,True,0.578,250587,0.5,10,-6.656,0,0.271,0.125,0.0,0.235,0.388,104.095,5,['Millie Go Lightly']
77,Young Thug,King TROUP,6uJmfWyFMLGCjvvRF5mpG9,I'm Up,4sAB9WulPpnAcig7alDGTg,2016-02-05,48,True,0.641,225669,0.564,4,-8.006,0,0.406,0.397,0.0,0.179,0.523,86.636,3,[]
80,Young Thug,Bad Bad Bad (feat. Lil Baby),3Ih7VhpeRyTIabBEGSCEW5,So Much Fun (Deluxe),24jAbLMFzCTlIv3kQ94HwK,2019-12-20,44,True,0.974,149040,0.596,6,-8.888,1,0.184,0.0976,0.0,0.151,0.892,111.959,4,['Lil Baby']
81,Young Thug,Oh U Went (feat. Drake),45QTjP8zsLtJ1a3lPa10U1,BUSINESS IS BUSINESS (Metro's Version),0z2a9VgdVmkr0DInVJUgu6,2023-06-26,42,True,0.808,185333,0.789,7,-5.88,0,0.236,0.0517,0.0,0.0819,0.465,136.01,4,['Drake']
82,Young Thug,Yea Yea Yea,4tiWuxeSX1GbeBPt8osI6Z,Punk,7IKkHmEk4It4cRdOYanyvW,2021-10-15,41,True,0.867,144490,0.413,7,-8.487,0,0.465,0.353,0.0,0.117,0.54,98.035,4,[]
83,Young Thug,On the Run (feat. Offset),04yv0dtqVm9u745efIuxbZ,On the Run,6VCDStheOuhrQaoYbHP2iO,2018-09-24,44,True,0.964,263933,0.529,0,-7.748,1,0.187,0.00659,4.47e-06,0.0872,0.63,128.042,4,['Offset']
84,Young Thug,Amazing (feat. Jacquees),5mzmXn6NdCU9Gm6Q0rcBWT,Barter 6,0BsMZIueWsJLWng8A7sE8e,2015-04-16,41,True,0.595,218080,0.503,10,-8.691,0,0.609,0.461,0.0,0.0997,0.78,95.068,5,['Jacquees']
85,Young Thug,Do U Love Me,0whCNZKidgBNhuPW41vYpg,Beautiful Thugger Girls,51KZKzPd3OQT1r46a55VTt,2017-06-16,41,True,0.8,209573,0.607,8,-8.399,1,0.251,0.0134,0.0,0.257,0.713,101.926,4,[]
86,Young Thug,Hoodie (feat. BSlime & Lil Gotit),5edae1tuaQswnqiXcUlWRO,BUSINESS IS BUSINESS (Metro's Version),0z2a9VgdVmkr0DInVJUgu6,2023-06-26,35,True,0.506,215600,0.598,1,-8.476,1,0.415,0.000431,0.0,0.105,0.222,169.717,4,"['Bslime', 'Lil Gotit']"
87,Young Thug,Webbie (feat. Duke),6pRkwu4Pt9d7Ki6g4ppOYj,JEFFERY,7EpUpNUkkEGnaCvkcn1j4H,2016-08-26,47,True,0.696,235893,0.589,1,-7.033,0,0.295,0.123,0.0,0.134,0.273,78.52,4,['Duke']
88,Young Thug,Light It Up,2G1O1E91aRpIX5r6ngW51V,So Much Fun (Deluxe),24jAbLMFzCTlIv3kQ94HwK,2019-12-20,41,True,0.953,209253,0.515,10,-8.546,1,0.0846,0.00389,0.0,0.11,0.351,138.039,4,[]
89,Young Thug,Hate The Game,7xfueRdAGnr8pKEIhkGcc8,Punk,7IKkHmEk4It4cRdOYanyvW,2021-10-15,48,True,0.823,164051,0.442,11,-11.129,1,0.303,0.0655,2.25e-05,0.0966,0.546,157.929,4,[]
90,Young Thug,Can't Tell (feat. T.I. and Boosie BadAzz),4QfVMnOYuE5Ah7E4g1p6Bx,Barter 6,0BsMZIueWsJLWng8A7sE8e,2015-04-16,45,True,0.93,368213,0.486,1,-6.361,1,0.367,0.0303,0.0,0.0716,0.334,111.062,4,"['T.I.', 'Boosie Badazz']"
91,Young Thug,Ecstasy (feat. Machine Gun Kelly),1yBbxDXEfr8boXM1ubvBHi,So Much Fun,1bnHPO4dKK7IjvgrtVBcQh,2019-08-16,46,True,0.826,178240,0.691,1,-6.557,1,0.129,0.000541,0.0,0.157,0.603,162.966,4,['mgk']
92,Young Thug,Sake Of My Kids,54nCzj6TQ2tukxToVUJJp5,BUSINESS IS BUSINESS (Metro's Version),0z2a9VgdVmkr0DInVJUgu6,2023-06-26,39,True,0.943,238400,0.406,1,-6.993,0,0.0768,0.025,0.0,0.251,0.166,124.998,4,[]
93,Young Thug,Up (feat. Lil Uzi Vert),7HvtrRyRYqSOhllmbIW1Kh,Hear No Evil,3tocsl73xCimRlSDuzFdG5,2018-04-13,39,True,0.852,296413,0.617,1,-7.515,0,0.12,0.00154,6.48e-05,0.36,0.3,129.974,4,['Lil Uzi Vert']
94,Young Thug,You The One,0CUfi8Wr6BjnqaHZq2ttD1,Slime Season 4,5Dwws0oO0fQLDsrwZE7rvW,2017-12-04,34,True,0.719,198027,0.717,1,-6.239,0,0.104,0.0386,0.0,0.25,0.357,139.887,4,[]
96,Young Thug,Stressed (with J. Cole & T-Shyne),0uqsdBw9KvD8jSWmfMmMAp,Punk,7IKkHmEk4It4cRdOYanyvW,2021-10-15,46,True,0.707,220413,0.442,0,-10.395,0,0.339,0.0698,0.0,0.106,0.344,81.021,4,"['J. Cole', 'T-Shyne']"
97,Young Thug,Gucci Grocery Bag,02vvwHxBoZtnNDQFFE64NQ,BUSINESS IS BUSINESS,6qElaeK7SHsEzb8uV8eG3D,2023-06-23,42,True,0.908,175133,0.487,1,-6.591,1,0.158,0.00377,0.000165,0.0703,0.719,145.056,4,[]
98,Young Thug,Cartier Gucci Scarf (feat. Lil Duke),3J7mXGLaO87MFu42WAb66h,So Much Fun (Deluxe),24jAbLMFzCTlIv3kQ94HwK,2019-12-20,35,True,0.935,198173,0.505,1,-7.155,0,0.0931,0.0508,0.0,0.0841,0.183,128.044,4,['Lil Duke']
99,Young Thug,Mannequin Challenge (feat. Juice WRLD),4xzSmycmoheCQGJLvYtDFU,So Much Fun (Deluxe),24jAbLMFzCTlIv3kQ94HwK,2019-12-20,42,True,0.857,162400,0.583,1,-7.466,0,0.086,0.0899,0.0,0.204,0.443,132.01,4,['Juice WRLD']
100,Young Thug,Mad Dog,332TO0w5iJ8h4h55Qq5a0R,BUSINESS IS BUSINESS (Metro's Version),0z2a9VgdVmkr0DInVJUgu6,2023-06-26,38,True,0.648,229000,0.5,6,-6.263,0,0.198,0.0242,0.0,0.167,0.362,159.857,4,[]
102,Young Thug,Special (feat. Offset and Solo Lucci),1DAl49mec3YC7a3Yc86Gz2,I'm Up,4sAB9WulPpnAcig7alDGTg,2016-02-05,39,True,0.91,263592,0.499,8,-5.985,1,0.157,0.0813,0.0,0.0988,0.316,140.012,4,"['Offset', 'Solo Lucci']"
103,Young Thug,Bubbly (with Drake & Travis Scott),3WU6TZLUeQOZS9Cjih3po5,Punk,4tYDU5yrBpOxg2hUuBOgBo,2021-10-14,32,False,0.905,165213,0.575,11,-7.738,0,0.281,0.0487,0.0,0.128,0.535,129.03,4,"['Drake', 'Travis Scott']"
104,Young Thug,I Bought Her (feat. Lil Duke),0yFy24V9CJhRa1z9obC7Ly,So Much Fun (Deluxe),24jAbLMFzCTlIv3kQ94HwK,2019-12-20,35,True,0.913,201747,0.57,7,-7.886,1,0.248,0.000462,0.0,0.063,0.607,136.079,4,['Lil Duke']
106,Young Thug,Boy Back (feat. NAV),369g3Kv6MXsl0wn7PNtWvO,So Much Fun,1bnHPO4dKK7IjvgrtVBcQh,2019-08-16,42,True,0.777,202600,0.573,9,-8.848,0,0.191,0.0415,0.0,0.365,0.387,143.017,4,['NAV']
108,Young Thug,Jumped Out the Window,1t3RWEeRtnHCIpx8HYWqzS,So Much Fun (Deluxe),24jAbLMFzCTlIv3kQ94HwK,2019-12-20,38,True,0.928,204027,0.515,1,-8.306,1,0.0859,0.00081,0.0,0.235,0.387,138.049,4,[]
109,Young Thug,Hot (feat. Gunna),0SfyLjgqVjf7HlEqMdK1y4,So Much Fun (Deluxe),24jAbLMFzCTlIv3kQ94HwK,2019-12-20,37,True,0.855,193027,0.651,0,-8.044,0,0.235,0.063,0.0,0.0772,0.559,111.997,4,['Gunna']
110,Young Thug,Keep It Goin,3ziMX7GlxzDG0YOV9Zdtsp,Rich Homie Cartel Vol 1,65LaTW7Q12QKrF9xcMFN8M,2014-12-09,30,True,0.67,263053,0.615,9,-9.431,0,0.281,0.112,5.01e-06,0.0975,0.403,101.807,1,[]
111,Young Thug,Global Access (feat. Nate Ruess),79AzC6p5uKHZC4Rb7xrpR1,BUSINESS IS BUSINESS,6qElaeK7SHsEzb8uV8eG3D,2023-06-23,41,True,0.561,148533,0.682,2,-8.765,1,0.39,0.265,0.0,0.124,0.329,133.92,5,['Nate Ruess']
112,Young Thug,It's A Slime (feat. Lil Uzi Vert),3HxYOwZZHZn5mC1drqPQqR,Slime Language,4OHfmMUq6xwCo8zfQuc9Rf,2018-08-17,41,True,0.863,142840,0.464,1,-10.559,1,0.346,0.00449,0.0,0.0938,0.566,75.5,4,"['Young Stoner Life', 'Lil Uzi Vert']"
113,Young Thug,Mine,0VpOzNKpf8CM3haq58tJKF,Lost Files,3tf9jLIuMfETUzcRtigJqm,2015-08-11,27,True,0.837,166478,0.642,5,-6.618,0,0.296,0.373,0.0,0.104,0.752,96.04,4,[]
114,Young Thug,Money On The Dresser,4ds2Ed57KqkU9eg0Subk3c,BUSINESS IS BUSINESS (Metro's Version),0z2a9VgdVmkr0DInVJUgu6,2023-06-26,34,True,0.896,133000,0.648,8,-6.903,1,0.267,0.000107,0.00826,0.105,0.441,159.982,4,[]
115,Young Thug,Lil Baby,7L5kgecwyLEhX27NZlVxiP,So Much Fun (Deluxe),24jAbLMFzCTlIv3kQ94HwK,2019-12-20,39,True,0.848,201893,0.455,1,-9.568,1,0.0746,0.00252,0.0,0.112,0.66,163.004,4,[]
116,Young Thug,Hellcat Kenny (feat. Lil Uzi Vert),3YbJ4wQ8I7rM9FsqkNp7sR,BUSINESS IS BUSINESS (Metro's Version),0z2a9VgdVmkr0DInVJUgu6,2023-06-26,37,True,0.932,154467,0.503,8,-9.351,0,0.294,0.0661,0.0,0.0856,0.686,140.096,4,['Lil Uzi Vert']
117,Young Thug,Audemar (feat. Tracy T),0NoQpbfJ6n7KUY2YlZI1j6,Slime Language,4OHfmMUq6xwCo8zfQuc9Rf,2018-08-17,36,True,0.907,207333,0.499,8,-9.985,1,0.256,0.0296,0.0,0.118,0.559,131.97,4,"['Young Stoner Life', 'Tracy T']"
118,Young Thug,Bad Bad Bad (feat. Lil Baby),1vluh94VKBuOeGyXjeXHp1,So Much Fun,5AivpkHClIpmRxheNz1TzN,2019-08-15,35,False,0.974,148200,0.625,6,-8.981,1,0.169,0.0984,0.0,0.175,0.878,111.963,4,['Lil Baby']
119,Young Thug,Oh Yeah,7FjxdLxJkOV5cHOrttx5Ft,Beautiful Thugger Girls,51KZKzPd3OQT1r46a55VTt,2017-06-16,40,True,0.555,229387,0.418,11,-10.346,0,0.403,0.0905,0.0,0.177,0.248,106.285,4,[]
120,Young Thug,Parade on Cleveland (feat. Drake),0ySvHlwks7CO0HWjB5ZBOo,BUSINESS IS BUSINESS (Metro's Version),0z2a9VgdVmkr0DInVJUgu6,2023-06-26,38,True,0.526,228267,0.283,3,-13.127,0,0.566,0.447,5.12e-06,0.111,0.354,165.991,1,['Drake']
122,Young Thug,"10,000 Slimes",31VfidluZ3h42PP4j71KRj,Young Martha,1uPwwIkzsCOanBsLExFitZ,2017-09-22,22,True,0.489,282476,0.636,3,-6.871,0,0.325,0.551,0.0,0.0987,0.412,145.941,4,"['Carnage', 'Young Stoner Life']"
124,Young Thug,Ridin' (feat. Lil Durk),0sMZD2KXYkkR0xDZiBoI7g,I'm Up,4sAB9WulPpnAcig7alDGTg,2016-02-05,37,True,0.861,248889,0.604,9,-9.071,1,0.206,0.133,0.0,0.142,0.39,107.99,4,['Lil Durk']
127,Young Thug,Homie (feat. Meek Mill),7x9UhVfr6ZLMyDCixHWjeN,Young Martha,1uPwwIkzsCOanBsLExFitZ,2017-09-22,25,True,0.472,218865,0.583,2,-7.537,1,0.261,0.0555,0.0,0.0413,0.443,97.023,3,"['Carnage', 'Young Stoner Life', 'Meek Mill']"
130,Young Thug,Gucci Grocery Bag,1xE36EOBfgpajoGviOzhQi,BUSINESS IS BUSINESS (Metro's Version),0z2a9VgdVmkr0DInVJUgu6,2023-06-26,31,True,0.908,175133,0.487,1,-6.591,1,0.158,0.00377,0.000165,0.0703,0.719,145.056,4,[]
131,Young Thug,Get That Money,79dy9f8smYZ1doFbzel7Bi,Slime Season 4,5Dwws0oO0fQLDsrwZE7rvW,2017-12-04,33,True,0.659,187456,0.45,8,-8.294,0,0.343,0.197,0.0,0.108,0.504,139.885,4,[]
132,Young Thug,Tell Her Nothing,5NIFj42IEueGwtG3AfGbcI,Tell Her Nothing,23GqCmiLqpRumFdxcHJnp6,2014-11-19,35,True,0.849,224078,0.662,4,-6.164,0,0.288,0.121,0.0,0.0658,0.531,124.011,4,[]
135,Young Thug,Magnificent,0dEUayTz9vtOX45ItCv21B,Slime Season 4,5Dwws0oO0fQLDsrwZE7rvW,2017-12-04,27,True,0.787,203083,0.478,10,-10.486,0,0.375,0.032,5.54e-05,0.655,0.333,137.947,4,[]
136,Young Thug,Purpose,44nFWkSk0DiGZU2DdlGksi,Slime Season 4,5Dwws0oO0fQLDsrwZE7rvW,2017-12-04,32,True,0.729,158126,0.468,1,-8.513,0,0.185,0.0391,0.0,0.277,0.366,139.994,4,[]
137,Young Thug,See You,47De4rxyVFYBIQoBx15TAi,Rich Homie Cartel Vol 1,65LaTW7Q12QKrF9xcMFN8M,2014-12-09,32,True,0.791,258508,0.554,6,-8.331,0,0.141,0.0293,0.0,0.486,0.173,106.038,4,[]
138,Young Thug,Pass Me The Lighter,4bSW4Z6avCXU2EZ8TAwqyS,Slime Season 4,5Dwws0oO0fQLDsrwZE7rvW,2017-12-04,30,True,0.843,218443,0.47,1,-9.776,1,0.27,0.0907,0.0,0.107,0.295,123.024,4,['MPA Duke']
139,Young Thug,Quarterback,24bkQGBiQ5JK98daJknUMa,"In Trap We Trust, Vol. 3",3zZbn4TOJvGlbOivCkRW0f,2015-10-26,34,True,0.817,283911,0.633,0,-7.739,0,0.0904,0.107,0.0,0.118,0.299,128.978,4,"['Migos', 'Peewee Longway']"
140,Young Thug,Till I Die,4SUvbvPqvl4ng9MxlLXdpT,Slime Season 4,5Dwws0oO0fQLDsrwZE7rvW,2017-12-04,31,True,0.591,242972,0.48,0,-10.114,1,0.295,0.0131,0.0,0.412,0.34,85.022,4,[]
144,Young Thug,Liger,5Nv3x5T9qpqD8KxskUFbkB,Young Martha,1uPwwIkzsCOanBsLExFitZ,2017-09-22,32,True,0.757,208630,0.71,1,-5.283,1,0.213,0.339,0.0,0.189,0.646,139.898,4,"['Carnage', 'Young Stoner Life']"
146,Young Thug,Goin Up (feat. Lil Keed),2pOm7AA1mtZ1sAjfzUscvx,Slime Language,4OHfmMUq6xwCo8zfQuc9Rf,2018-08-17,31,True,0.701,214867,0.572,0,-10.389,1,0.509,0.0678,0.0,0.387,0.599,153.933,4,"['Young Stoner Life', 'Lil Keed']"
148,Young Thug,U Ain't Slime Enough (feat. Karlae & Duke),34tMZsMP16tF90ajknBxyb,Slime Language,4OHfmMUq6xwCo8zfQuc9Rf,2018-08-17,29,True,0.715,254080,0.507,5,-10.613,0,0.26,0.0348,0.0,0.112,0.409,152.957,4,"['Young Stoner Life', 'Duke', 'Karlae']"
149,Young Thug,Icy Hot (with Doja Cat),3hluYfU25k6suH9WpaRsFm,Punk,7IKkHmEk4It4cRdOYanyvW,2021-10-15,38,True,0.908,216656,0.543,0,-7.591,1,0.209,0.0177,0.0,0.0883,0.617,143.947,4,['Doja Cat']
151,Young Thug,STS (feat. Strick),2VypG9FeVsKkYyvsYG8PUU,Slime Language,4OHfmMUq6xwCo8zfQuc9Rf,2018-08-17,34,True,0.859,219413,0.599,0,-10.546,1,0.238,0.0224,0.0,0.279,0.539,140.066,4,"['Young Stoner Life', 'Strick']"
152,Young Thug,Abracadabra (feat. Travis Scott),7GPI9g56brDQat3wHUG2E3,BUSINESS IS BUSINESS (Metro's Version),0z2a9VgdVmkr0DInVJUgu6,2023-06-26,37,True,0.65,247733,0.565,8,-6.597,0,0.225,0.0342,0.0,0.111,0.377,163.281,4,['Travis Scott']
154,Young Thug,I Made It,1A7WU5RBnRGX5zgn8qBVKd,Lost Files,3tf9jLIuMfETUzcRtigJqm,2015-08-11,20,True,0.52,209633,0.503,1,-8.768,1,0.368,0.137,0.0,0.0957,0.177,140.003,4,['Rich Homie Quan']
157,Young Thug,Surf (feat. Gunna),45psteAtfoH6lMVpNmaGTJ,So Much Fun,5AivpkHClIpmRxheNz1TzN,2019-08-15,20,False,0.935,184093,0.585,0,-7.539,1,0.214,0.099,0.0,0.0992,0.549,140.994,4,['Gunna']
160,Young Thug,Schedule,4FtZccb8xqbfVU8VeKRGbx,Lost Files,3tf9jLIuMfETUzcRtigJqm,2015-08-11,24,True,0.788,260389,0.653,9,-8.515,0,0.0596,0.0246,0.0,0.277,0.116,105.969,4,[]
161,Young Thug,I Know,71FYla0fmoZtWoXkAddbwB,I Came from Nothing 2,4k4w4MLXdY084qrbMGy9Sg,2011-12-20,22,True,0.513,179777,0.79,5,-6.409,0,0.0811,0.404,0.0,0.289,0.341,80.403,4,[]
163,Young Thug,Homie (feat. Meek Mill),2jtyXJWIe9YFqqt6ZOeqw6,Homie (feat. Meek Mill),0zNMEquWgS6XW40d0ldqt6,2017-09-07,23,True,0.472,218865,0.583,2,-7.537,1,0.261,0.0555,0.0,0.0413,0.443,97.023,3,"['Carnage', 'Young Stoner Life', 'Meek Mill']"
164,Young Thug,Faces,2V9G86Ji36gYgCOGO7Ac0I,Punk,4tYDU5yrBpOxg2hUuBOgBo,2021-10-14,8,False,0.657,132485,0.503,9,-9.732,0,0.369,0.0749,0.0,0.121,0.304,173.918,4,[]
166,Young Thug,Because Of Me,4wfXGwwGkqhzuEDRCBTC5j,Slime Season 4,5Dwws0oO0fQLDsrwZE7rvW,2017-12-04,29,True,0.676,230746,0.666,11,-6.705,0,0.228,0.0946,0.0,0.115,0.419,141.87,5,['Birdman']
169,Young Thug,Boy Back (feat. NAV),0Dp2fhCbo5PRzjGW5N5tBm,So Much Fun (Deluxe),24jAbLMFzCTlIv3kQ94HwK,2019-12-20,33,True,0.777,202600,0.573,9,-8.848,0,0.191,0.0415,0.0,0.365,0.387,143.017,4,['NAV']
171,Young Thug,Who's on Top,3YhQTgPe5HK5n4nJescBwp,I Came from Nothing 2,4k4w4MLXdY084qrbMGy9Sg,2011-12-20,24,True,0.525,230400,0.679,11,-5.97,1,0.292,0.192,0.0,0.555,0.572,98.044,5,[]
172,Young Thug,Liger,0JHiunLNuecyqiKzL6nTOn,Liger,0lN7Tlk06p7LQdxGClsDnj,2017-09-21,27,True,0.757,208630,0.71,1,-5.283,1,0.213,0.339,0.0,0.189,0.646,139.898,4,"['Carnage', 'Young Stoner Life']"
173,Young Thug,Don't Call Me (feat. Shakka),0UuPvqKc9Xcjo37C5liY5B,Young Martha,1uPwwIkzsCOanBsLExFitZ,2017-09-22,29,True,0.752,236312,0.65,6,-6.555,0,0.0734,0.0409,5.64e-06,0.127,0.466,110.022,4,"['Carnage', 'Young Stoner Life', 'Shakka']"
174,Young Thug,THUG (feat. Runts),54xaSQYEbzNfLQoXQzcVpF,1017 Thug,0ssPpXttlI7w2Z6CXiqWgR,2015-12-11,15,True,0.747,254903,0.615,0,-6.777,1,0.266,0.0533,0.0,0.313,0.213,137.964,4,['Runts']
177,Young Thug,Ball (feat. OG Boo Dirty),0vqRG0UHCcyHigiaLCDJNw,1017 Thug,0ssPpXttlI7w2Z6CXiqWgR,2015-12-11,22,True,0.72,146887,0.716,9,-9.148,0,0.396,0.0124,0.0,0.348,0.822,138.221,4,['OG Boo Dirty']
178,Young Thug,Money (feat. Juice WRLD & Nicki Minaj),2g4bGXQqMwMDfzYLIPQiH5,BUSINESS IS BUSINESS (Metro's Version),1E7ibA3gXudpo1LBfzSRdh,2023-06-25,27,False,0.767,266400,0.691,8,-4.731,1,0.041,0.0545,0.0,0.109,0.614,150.039,4,"['Juice WRLD', 'Nicki Minaj']"
180,Young Thug,Real in My Veins (feat. T-Shyne),6yMU8B5bngQpBBcYaFWqBC,On the Run,6VCDStheOuhrQaoYbHP2iO,2018-09-24,32,True,0.635,250373,0.632,5,-8.21,0,0.275,0.000185,0.0,0.0615,0.233,162.023,4,['T-Shyne']
181,Young Thug,I Got It,2k7qZoaZycgh5fJ22Cwhsg,Rich Homie Cartel Vol 1,65LaTW7Q12QKrF9xcMFN8M,2014-12-09,26,True,0.82,272431,0.455,2,-8.742,1,0.316,0.17,0.0,0.106,0.26,134.99,4,['Peewee Longway']
182,Young Thug,Condo Music (feat. Wicced),7GdurizpDeZydmL5pXLMJu,1017 Thug,0ssPpXttlI7w2Z6CXiqWgR,2015-12-11,16,True,0.427,191216,0.726,3,-7.035,0,0.231,0.103,0.0,0.342,0.549,87.153,5,['Wicced']
183,Young Thug,Relationship,08lHFwOBB8FnLwzuGwYMEh,What's Poppin - Fresh Rap,6z80rkSQKXxrtXsexaoDbB,2021-04-16,28,True,0.841,215307,0.595,2,-6.337,1,0.0624,0.0025,0.0,0.12,0.3,145.995,4,['Future']
185,Young Thug,Swag All Over,5ljtHRlUYj5GHRtt5Z0B3L,"Ballin' & Stuntin', Vol. 11",1g9sRIecpd5KaZnSltICsC,2015-12-04,20,True,0.741,173894,0.634,11,-5.06,0,0.0731,0.053,0.0,0.57,0.413,134.967,4,[]
187,Young Thug,Im fo Real,03W7s9xgn0RYlNVqEkjGkG,Brick Sqaud,7a3rhn1csJY4CbdqcQsMcy,2014-11-18,20,True,0.58,186828,0.598,0,-7.792,1,0.106,0.289,0.0,0.448,0.686,133.054,4,[]
189,Young Thug,My Everything,1mYYKcpiFnoUwWuSGytnpf,I Came from Nothing 2,4k4w4MLXdY084qrbMGy9Sg,2011-12-20,25,True,0.762,253729,0.834,8,-5.973,1,0.095,0.144,0.0,0.929,0.681,139.933,4,['Future']
190,Young Thug,Up to Something,6UYK0GsMAVYahkd1ymBOEs,Up to Something,05FYRrxscCBj1C4MtOpK6U,2021-10-31,18,True,0.672,167136,0.343,10,-13.13,0,0.126,0.39,0.0,0.125,0.131,114.797,4,[]
192,Young Thug,Keep in Touch,1d0fw7g187GMnEZfE7AkCB,I Came from Nothing 2,4k4w4MLXdY084qrbMGy9Sg,2011-12-20,20,True,0.742,252371,0.756,5,-6.424,0,0.225,0.0206,0.0,0.145,0.546,129.987,4,[]
193,Young Thug,Anybody (feat. Nicki Minaj),1ENV3FCYOTxnviLKYVhFOd,Anybody (feat. Nicki Minaj),2mokD1hK1M39O6mfqqMmN7,2018-07-25,24,False,0.899,254947,0.467,11,-8.608,0,0.175,0.0407,2.8e-06,0.132,0.475,120.038,4,['Nicki Minaj']
201,Young Thug,Tick Tock,2e5UdW2KFm3PSc4rUBrd9i,Tick Tock,5cSDePm8sFcSRqzZNq7nyX,2021-08-19,21,False,0.947,159240,0.678,11,-8.664,0,0.234,0.00923,0.0,0.153,0.621,134.033,4,[]
202,Young Thug,From A Man,7M3dwTlDdPkL7rl3lQDNQf,From A Man,7DhR55zzBamSKAZkJZ7G7B,2023-10-12,24,False,0.546,207133,0.684,11,-6.479,0,0.188,0.00908,0.0,0.119,0.285,84.311,4,[]
203,Young Thug,Want Me Dead (feat. 21 Savage),4vqtQUDwWzkxevtz4Kz17d,BUSINESS IS BUSINESS,7CLo0dKR7Zk97M2TLO8mb8,2023-06-22,18,False,0.835,194707,0.57,6,-8.523,0,0.378,0.232,0.0,0.165,0.533,133.231,4,['21 Savage']
205,Young Thug,Sake Of My Kids,17ooiiAtRLDhGVNJ9UAkiZ,BUSINESS IS BUSINESS (Metro's Version),1E7ibA3gXudpo1LBfzSRdh,2023-06-25,19,False,0.951,238400,0.404,1,-7.015,0,0.0658,0.03,0.0,0.195,0.165,124.974,4,[]
206,Young Thug,I Want Her,4m7TAF8EuHxpTQxM8MrNwS,Brick Sqaud,7a3rhn1csJY4CbdqcQsMcy,2014-11-18,14,True,0.529,174550,0.671,0,-12.981,1,0.217,0.0213,0.0,0.311,0.688,95.38,5,[]
208,Young Thug,Relationship,4lDvNb2AkAvb7xjWOvdDol,Trap,1Qw5CRgYVoEXbOd7LMtapk,2022-04-15,22,True,0.841,215307,0.595,2,-6.337,1,0.0624,0.0025,0.0,0.12,0.3,145.995,4,['Future']
209,Young Thug,Big Tipper (feat. Lil Keed),4vDMa3J8pVNxZEUFSmZTb1,So Much Fun,5AivpkHClIpmRxheNz1TzN,2019-08-15,12,False,0.887,223173,0.57,2,-7.843,1,0.219,0.000573,0.0,0.152,0.3,77.495,4,['Lil Keed']
210,Young Thug,Oooorrr,3PD2KvgTKspc3K44hxMWS8,I Came from Nothing 2,4k4w4MLXdY084qrbMGy9Sg,2011-12-20,18,True,0.714,247826,0.764,9,-6.259,0,0.185,0.0166,0.0,0.381,0.589,147.065,4,"['Kumtie', 'Capokam']"
211,Young Thug,Mama Im Sorry,233G3GRBXUw0qRPv9MVolt,Lost Files,3tf9jLIuMfETUzcRtigJqm,2015-08-11,23,True,0.849,216242,0.443,8,-7.779,0,0.442,0.236,0.0,0.107,0.465,120.882,4,[]
212,Young Thug,I'm fo Real,1XhVoHOwSYqdXhmOLkOojI,1017 Thug,0ssPpXttlI7w2Z6CXiqWgR,2015-12-11,18,True,0.567,186828,0.601,0,-7.796,1,0.109,0.28,0.0,0.456,0.673,132.992,4,[]
215,Young Thug,Uncle M,12W6EfKhq8rzCUQxgbr6ev,BUSINESS IS BUSINESS,7CLo0dKR7Zk97M2TLO8mb8,2023-06-22,15,False,0.708,140000,0.619,9,-6.751,1,0.0671,0.0127,0.0,0.208,0.296,142.078,4,[]
216,Young Thug,Picacho (feat. Maceo),0oLIGshQFiUzkWkVheQ6Ln,1017 Thug,0ssPpXttlI7w2Z6CXiqWgR,2015-12-11,18,True,0.734,253936,0.733,0,-7.129,1,0.415,0.0471,0.0,0.186,0.698,136.146,4,['Maceo']
219,Young Thug,Keep Going,15DdtDJV1IzHWMzJ6M42D3,I Came from Nothing 2,4k4w4MLXdY084qrbMGy9Sg,2011-12-20,21,True,0.496,229173,0.57,11,-6.601,0,0.24,0.105,0.0,0.133,0.495,133.102,4,[]
220,Young Thug,Trigger Finger,3OsT8Bsw4IDtqH2ID5eRlj,1017 Thug,0ssPpXttlI7w2Z6CXiqWgR,2015-12-11,15,True,0.779,187141,0.576,5,-11.296,0,0.278,0.0191,0.0,0.394,0.71,136.976,4,[]
221,Young Thug,Pacifier,718RLkg7DT1sekn1Xwm1WY,Pacifier,2ZsLZHZmUftfqoVzNBK6kj,2015-07-17,25,True,0.766,237867,0.82,2,-5.851,1,0.124,0.0469,0.0,0.336,0.376,117.012,4,[]
222,Young Thug,Murder,3W0hhHVDX1mVs6ON9Sjxj6,1017 Thug,0ssPpXttlI7w2Z6CXiqWgR,2015-12-11,17,True,0.645,187690,0.539,9,-11.121,0,0.233,0.0035,0.0,0.815,0.375,66.501,4,[]
225,Young Thug,Scared of You,43X4dZ74fj8qjpX3DsaYf9,1017 Thug,0ssPpXttlI7w2Z6CXiqWgR,2015-12-11,20,True,0.685,177084,0.54,1,-9.692,1,0.183,0.00693,0.0,0.808,0.144,141.053,4,[]
226,Young Thug,Oh U Went (feat. Drake),2DRZ6kcHn0BBJqGdFpGj9V,BUSINESS IS BUSINESS (Metro's Version),1E7ibA3gXudpo1LBfzSRdh,2023-06-25,18,False,0.808,185333,0.78,5,-5.909,1,0.249,0.0469,0.0,0.102,0.488,136.038,4,['Drake']
227,Young Thug,"Yeah, Yeah (feat. OG Boo Dirty & Heavy)",5cMxGBSbQjm2mk0XBbmwR0,1017 Thug,0ssPpXttlI7w2Z6CXiqWgR,2015-12-11,21,True,0.703,268434,0.573,4,-10.413,0,0.415,0.0352,0.0,0.33,0.335,69.028,4,"['OG Boo Dirty', 'Heavy']"
228,Young Thug,Just How It Is,0yAV9MltdAnL8b3WoLNUu7,So Much Fun,5AivpkHClIpmRxheNz1TzN,2019-08-15,15,False,0.652,207133,0.515,7,-10.756,1,0.399,0.0347,0.0,0.12,0.566,83.056,4,[]
229,Young Thug,Yea Yea Yea,6ZMPzFM5sZDomBF2148SYE,Punk,4tYDU5yrBpOxg2hUuBOgBo,2021-10-14,7,False,0.803,144490,0.421,7,-8.539,0,0.425,0.314,0.0,0.0943,0.523,97.928,4,[]
230,Young Thug,Scared of You,7n29lOPTJUX5ucjOlGXMkx,Brick Sqaud,7a3rhn1csJY4CbdqcQsMcy,2014-11-18,22,True,0.685,177084,0.542,1,-9.688,1,0.178,0.00664,0.0,0.798,0.149,141.054,4,[]
232,Young Thug,Murder,7CDyPkW38IfFK6IYH01aqd,Brick Sqaud,7a3rhn1csJY4CbdqcQsMcy,2014-11-18,17,True,0.643,187690,0.537,9,-11.125,0,0.124,0.00363,0.0,0.815,0.388,66.489,4,[]
239,Young Thug,730,16NwHKIuwqoOHMooPFm7bj,Rich Homie Gang - Hood Lifestyle,14qgOpWL6dpjsR2wky9tmO,2014-12-09,13,True,0.779,246387,0.781,8,-3.501,1,0.121,0.108,0.0,0.21,0.225,126.979,4,[]
240,Young Thug,Hot (feat. Gunna),2htXXvdP1qbJzdyPryxd6f,Gunna: A Gift & A Curse Setlist,7qepnc4eD7Jd81z3o91jAT,2023-09-14,17,True,0.855,193027,0.651,0,-8.044,0,0.234,0.0636,0.0,0.0772,0.559,111.992,4,['Gunna']
241,Young Thug,Recognize Real (with Gunna),0LRcWG44VIoj9WtnYjLEc4,Punk,4tYDU5yrBpOxg2hUuBOgBo,2021-10-14,12,False,0.435,171834,0.232,5,-14.639,1,0.0744,0.891,0.0,0.0984,0.652,169.844,4,['Gunna']
244,Young Thug,Back Bone,7FYCoMzudq9ymPX00gWKV6,Before Anythang (Original Motion Picture Soundtrack),7H5arXz9fUbV8cygNPTSiY,2018-12-07,18,True,0.594,209773,0.664,2,-6.87,1,0.416,0.0115,0.0,0.102,0.26,75.81,4,[]
248,Young Thug,Light It Up,54fWDzHzlblC25yAhZ47Xn,So Much Fun,5AivpkHClIpmRxheNz1TzN,2019-08-15,16,False,0.951,209253,0.515,10,-8.543,1,0.0847,0.0038,0.0,0.113,0.326,138.025,4,[]
249,Young Thug,911,6LtKaRUEsfpntcrCXyFykJ,1017 Thug 3 The Finale,4N0QH3uy5K5T3fMtpLIpKq,2014-08-29,17,True,0.788,194885,0.545,2,-8.815,1,0.0502,0.00576,0.0,0.245,0.421,130.053,4,[]
251,Young Thug,I Remember,7zWP0eEvuBbBZTAGArbWSU,Trappin Aint Eazy Vol 1,7LDEpiLr1Vhy7kZNlqhfC3,2014-09-26,11,True,0.835,286642,0.654,10,-11.174,0,0.146,0.0614,0.0,0.377,0.528,133.978,4,['MPA Duke']
252,Young Thug,Abracadabra (feat. Travis Scott),546r4eOhype769I4vujYvT,BUSINESS IS BUSINESS,7CLo0dKR7Zk97M2TLO8mb8,2023-06-22,20,False,0.657,247733,0.556,8,-6.703,0,0.217,0.0392,0.0,0.115,0.407,163.185,4,['Travis Scott']
253,Young Thug,Jungle (feat. Gucci Mane),2o5VOeiyQkj5maU6VFu4kc,1017 Thug,0ssPpXttlI7w2Z6CXiqWgR,2015-12-11,21,True,0.613,147174,0.638,10,-9.73,0,0.417,0.0994,0.0,0.171,0.502,137.044,4,['Gucci Mane']
261,Young Thug,Power,05Ix8lAhjF94upJO24C0do,"D.A.B. Muzic, Vol. 1",0rBH8nXhZWZdNOf85QJsuF,2016-02-02,18,False,0.873,187324,0.484,6,-3.543,0,0.503,0.121,0.0,0.101,0.214,139.001,4,[]
262,Young Thug,Went Thru It,2KK9lirGhkvZfgvYFGioq3,BUSINESS IS BUSINESS,7CLo0dKR7Zk97M2TLO8mb8,2023-06-22,16,False,0.853,155733,0.684,2,-7.058,1,0.152,0.0348,1.7e-05,0.238,0.254,92.504,4,[]
263,Young Thug,Jonesboro,2cgswl9vfrNUSyWnetyvDx,BUSINESS IS BUSINESS (Metro's Version),1E7ibA3gXudpo1LBfzSRdh,2023-06-25,13,False,0.552,163800,0.642,9,-6.489,0,0.287,0.504,2.23e-05,0.188,0.258,169.87,4,[]
265,Young Thug,Jonesboro,4Q55rYBlffYCeThCXoYKER,BUSINESS IS BUSINESS,7CLo0dKR7Zk97M2TLO8mb8,2023-06-22,14,False,0.552,163800,0.642,9,-6.489,0,0.287,0.504,2.23e-05,0.188,0.258,169.87,4,[]
266,Young Thug,Circle Of Bosses (feat. Quavo),0jN5qjB5lS8Rkgaw9AZu0C,So Much Fun,5AivpkHClIpmRxheNz1TzN,2019-08-15,14,False,0.885,179467,0.49,9,-7.448,0,0.322,0.00886,0.0,0.354,0.461,75.012,4,['Quavo']
268,Young Thug,Keep It Goin,216MdB3DMSOviGE9mwIwa4,Rich Homie Gang - Hood Lifestyle,14qgOpWL6dpjsR2wky9tmO,2014-12-09,12,True,0.67,263053,0.615,9,-9.431,0,0.281,0.112,5.01e-06,0.0975,0.403,101.807,1,[]
270,Young Thug,Jumped Out The Window,4GYHUJ3noUIFIBmi0uubeU,So Much Fun,5AivpkHClIpmRxheNz1TzN,2019-08-15,12,False,0.927,204027,0.53,1,-8.36,1,0.0851,0.000828,0.0,0.221,0.398,138.099,4,[]
272,Young Thug,Stoner,6qf3fxRKqTXjEgmtCXwn73,Stoner,48E4BKGaAmdtkKctH0L339,2014-02-04,26,False,0.879,240000,0.683,3,-3.298,0,0.168,0.387,1.45e-06,0.0628,0.585,135.959,4,[]
273,Young Thug,I Bought Her (feat. Lil Duke),4qDsOcycjTdL5eksGpLUNU,So Much Fun,5AivpkHClIpmRxheNz1TzN,2019-08-15,9,False,0.9,201747,0.562,7,-7.938,1,0.227,0.000473,0.0,0.0633,0.624,136.08,4,['Lil Duke']
277,Young Thug,Curtains,32w14bKcCegHTa8ThmgMoM,I Came from Nothing 2,4k4w4MLXdY084qrbMGy9Sg,2011-12-20,15,True,0.443,220136,0.604,0,-6.928,1,0.227,0.374,0.0,0.415,0.675,107.368,5,[]
279,Young Thug,Od (Original),2t7Kx43IQEwomr8BrtDUq5,Lost Files,3tf9jLIuMfETUzcRtigJqm,2015-08-11,15,True,0.674,285231,0.582,7,-5.028,1,0.299,0.264,0.0,0.0765,0.317,89.776,4,[]
281,Young Thug,Peepin Out The Window (with Future & Bslime),0AkI0KKi2cSfIKGyMMu7iZ,Punk,4tYDU5yrBpOxg2hUuBOgBo,2021-10-14,13,False,0.668,237263,0.515,4,-9.494,0,0.362,0.183,0.0,0.222,0.211,84.7,4,"['Bslime', 'Future']"
284,Young Thug,Picture Baby,5frkhnuDWB7678XprVVhbV,1017 Thug,0ssPpXttlI7w2Z6CXiqWgR,2015-12-11,16,True,0.829,192078,0.663,6,-8.69,0,0.47,0.141,0.0,0.353,0.711,129.883,4,[]
286,Young Thug,Patna Dem (feat. PeeWee Longway),3obLb2rhu8eZi84PCQloVI,1017 Thug,0ssPpXttlI7w2Z6CXiqWgR,2015-12-11,17,True,0.608,97411,0.619,11,-9.77,0,0.321,0.0325,0.0,0.462,0.355,139.644,4,['Peewee Longway']
289,Young Thug,Shooting Star (feat. Gucci Mane),7lxgKqQPNygmN4N3sZVvfh,1017 Thug,0ssPpXttlI7w2Z6CXiqWgR,2015-12-11,18,True,0.896,260493,0.718,4,-7.941,0,0.115,0.138,0.0,0.431,0.804,120.016,4,['Gucci Mane']
290,Young Thug,Rollin Rollin,4PMzZ6gKvrZQxEq4JDmM7D,1017 Thug 3 The Finale,4N0QH3uy5K5T3fMtpLIpKq,2014-08-29,15,True,0.777,189679,0.706,8,-7.641,0,0.226,0.179,0.0,0.168,0.852,138.98,4,[]
292,Young Thug,Road Rage,4hs4hDY1KtBXg7CBvPQJTq,Punk,4tYDU5yrBpOxg2hUuBOgBo,2021-10-14,8,False,0.601,152640,0.327,1,-14.982,0,0.868,0.0368,0.0,0.102,0.376,76.456,4,[]
293,Young Thug,Money On The Dresser,4PpGvI2XfjS8KOE34JURpQ,BUSINESS IS BUSINESS,7CLo0dKR7Zk97M2TLO8mb8,2023-06-22,12,False,0.888,133000,0.665,8,-6.933,1,0.258,0.000109,0.025,0.105,0.448,160.015,4,[]
294,Young Thug,Went Thru It,6Z0WCKctbLBuzbu7TbTXwj,BUSINESS IS BUSINESS (Metro's Version),1E7ibA3gXudpo1LBfzSRdh,2023-06-25,10,False,0.853,155733,0.684,2,-7.058,1,0.152,0.0348,1.7e-05,0.238,0.254,92.504,4,[]
295,Young Thug,Dripset,3lj2avJ1sU7CD3R11P6ZQZ,Lost Files,3tf9jLIuMfETUzcRtigJqm,2015-08-11,14,True,0.668,285727,0.661,9,-5.691,1,0.139,0.0122,0.0,0.0937,0.51,129.995,4,"['MPA Duke', 'Yak Gotti']"
297,Young Thug,Stupid/Asking,1OalHHaTUVtvaTj3emnJf6,Punk,4tYDU5yrBpOxg2hUuBOgBo,2021-10-14,11,False,0.534,333751,0.466,1,-11.578,1,0.401,0.479,1.27e-06,0.418,0.507,156.042,4,[]
299,Young Thug,Natural,26fKgtYj2IHhd7wDQQSzSl,Tell Her Nothing,23GqCmiLqpRumFdxcHJnp6,2014-11-19,19,True,0.335,270054,0.812,5,-7.067,0,0.252,0.00273,0.0,0.0877,0.49,90.776,5,[]
300,Young Thug,Trigger Finger,4XXZUgs1CzGqAzTUGBWHf0,Brick Sqaud,7a3rhn1csJY4CbdqcQsMcy,2014-11-18,17,True,0.773,187141,0.577,5,-11.299,0,0.285,0.0195,0.0,0.394,0.713,136.983,4,[]
301,Young Thug,Cars Bring Me Out (feat. Future),6dWmq5ajzRYRlPmGs7gSsv,BUSINESS IS BUSINESS (Metro's Version),1E7ibA3gXudpo1LBfzSRdh,2023-06-25,10,False,0.739,202933,0.73,10,-6.049,0,0.232,0.0195,0.0,0.12,0.671,100.093,4,['Future']
302,Young Thug,"Love You More (with Nate Ruess, Gunna & Jeff Bhasker)",625yYoyLPgkeZmA9NTlS76,Punk,4tYDU5yrBpOxg2hUuBOgBo,2021-10-14,19,False,0.676,221913,0.377,6,-10.735,1,0.0463,0.598,0.00299,0.18,0.263,137.996,4,"['Gunna', 'Jeff Bhasker', 'Nate Ruess']"
303,Young Thug,Uncle M,3iIL3u4SViZsQfl32F5ceM,BUSINESS IS BUSINESS (Metro's Version),1E7ibA3gXudpo1LBfzSRdh,2023-06-25,9,False,0.708,140000,0.619,9,-6.751,1,0.0671,0.0127,0.0,0.208,0.296,142.078,4,[]
304,Young Thug,Cartier Gucci Scarf (feat. Lil Duke),0Fvh4oaJoEL8voplz5u7Gi,So Much Fun,5AivpkHClIpmRxheNz1TzN,2019-08-15,7,False,0.946,198173,0.495,1,-7.291,0,0.0838,0.0391,2.07e-06,0.0709,0.169,128.027,4,['Lil Duke']
307,Young Thug,Amazin,0c6CS8pDniX4ZhqEyyw2p0,Lost Files,3tf9jLIuMfETUzcRtigJqm,2015-08-11,16,True,0.753,200019,0.591,5,-11.65,1,0.103,0.0691,5.82e-06,0.249,0.738,144.043,4,[]
308,Young Thug,Hoodie (feat. BSlime & Lil Gotit),3U5tLnh8PXHgSBK1eHUomH,BUSINESS IS BUSINESS,7CLo0dKR7Zk97M2TLO8mb8,2023-06-22,10,False,0.609,215600,0.607,1,-8.498,1,0.388,0.00041,0.0,0.103,0.224,84.33,4,"['Bslime', 'Lil Gotit']"
309,Young Thug,Fuck My Tattoos,2UE3sGrt4tcgKy8Hbgu4Sw,I Came from Nothing 2,4k4w4MLXdY084qrbMGy9Sg,2011-12-20,17,True,0.73,225231,0.49,7,-6.821,1,0.0331,0.103,0.0,0.121,0.197,129.906,4,['Jose Guapo']
311,Young Thug,But I Want,6ISVKd55z3xQic5mkSzUU0,I Came from Nothing 2,4k4w4MLXdY084qrbMGy9Sg,2011-12-20,18,True,0.565,204373,0.729,6,-8.285,1,0.228,0.00386,0.0,0.167,0.476,136.17,4,[]
312,Young Thug,Go Harder Than Yall,21K4rWs8qmPH8HtOBc8K6v,I Came from Nothing 2,4k4w4MLXdY084qrbMGy9Sg,2011-12-20,16,True,0.595,172175,0.579,11,-9.155,1,0.0636,0.1,0.0,0.147,0.633,144.977,4,['YL Stunna']
313,Young Thug,Tabernacle,6QXGepmAXY8l1wpjbCr64K,1017 Thug,0ssPpXttlI7w2Z6CXiqWgR,2015-12-11,16,True,0.608,176744,0.527,5,-8.828,0,0.337,0.0923,0.0,0.314,0.683,144.811,4,[]
315,Young Thug,Pussy,4DMMT8s0KMXAH1eLZXwHIo,So Much Fun,5AivpkHClIpmRxheNz1TzN,2019-08-15,5,False,0.801,141493,0.773,5,-7.851,0,0.181,0.000684,0.0581,0.191,0.617,74.988,4,[]
316,Young Thug,Why Order,6exI0iszFbTd3lACfv8sP6,Brick Sqaud,7a3rhn1csJY4CbdqcQsMcy,2014-11-18,15,True,0.937,198060,0.504,8,-6.938,1,0.339,0.0118,0.0,0.191,0.177,120.897,4,[]
317,Young Thug,Why Order,0S24xhWyD1nrTy8I6TnHmx,1017 Thug,0ssPpXttlI7w2Z6CXiqWgR,2015-12-11,13,True,0.936,198060,0.501,8,-6.941,1,0.455,0.0117,0.0,0.191,0.175,121.0,4,[]
319,Young Thug,Oh U Went (feat. Drake),01NKUjSaf05ZvJOZFp8Gwg,Pop Music for Headphones,4fPDyTwzg8bAxa6wCPBRfq,2024-05-09,18,True,0.808,185333,0.789,7,-5.88,0,0.236,0.0517,0.0,0.0819,0.465,136.004,4,['Drake']
320,Young Thug,Die Slow (with Strick),2maU9fPdC2Y8AGNmW9s9CG,Punk,4tYDU5yrBpOxg2hUuBOgBo,2021-10-14,11,False,0.562,237572,0.215,5,-14.342,1,0.0458,0.802,0.00095,0.107,0.163,81.061,4,['Strick']
321,Young Thug,Hoodie (feat. BSlime & Lil Gotit),44tEwAteHntqatKn0iqMBC,BUSINESS IS BUSINESS (Metro's Version),1E7ibA3gXudpo1LBfzSRdh,2023-06-25,8,False,0.609,215600,0.607,1,-8.498,1,0.388,0.00041,0.0,0.103,0.224,84.33,4,"['Bslime', 'Lil Gotit']"
322,Young Thug,Scoliosis (with Lil Double 0),2GIOa7L5v5ds9iA8pTUo85,Punk,4tYDU5yrBpOxg2hUuBOgBo,2021-10-14,11,False,0.928,170496,0.603,2,-7.076,1,0.239,0.00274,0.0,0.338,0.458,130.018,4,['Lil Double 0']
323,Young Thug,Insure My Wrist (with Gunna),7L19MgGyambk2jwXUtNfb4,Punk,4tYDU5yrBpOxg2hUuBOgBo,2021-10-14,14,False,0.599,168863,0.644,8,-10.47,0,0.349,0.203,0.0,0.0735,0.557,85.926,4,['Gunna']
325,Young Thug,My Time,2aDb2g63FrmOXscNwHnkPW,Brick Sqaud,7a3rhn1csJY4CbdqcQsMcy,2014-11-18,13,True,0.548,294557,0.663,10,-12.551,1,0.0569,0.000495,0.0,0.114,0.718,86.576,5,[]
330,Young Thug,If You Didnt,2OVq9FiaZHHc68Fwukgjs7,Lost Files,3tf9jLIuMfETUzcRtigJqm,2015-08-11,15,True,0.603,179304,0.497,6,-9.948,0,0.284,0.329,0.0,0.127,0.48,149.875,4,"['T.I.', 'Chanel West Coast']"
334,Young Thug,Mad Dog,2c1mO8reMrbtddoGCyVyUY,BUSINESS IS BUSINESS,7CLo0dKR7Zk97M2TLO8mb8,2023-06-22,11,False,0.634,229000,0.501,6,-6.296,0,0.179,0.0207,0.0,0.153,0.349,159.93,4,[]
336,Young Thug,See You,736666WGRUFdmlOBTdvy8t,Rich Homie Gang - Hood Lifestyle,14qgOpWL6dpjsR2wky9tmO,2014-12-09,11,True,0.791,258508,0.554,6,-8.331,0,0.141,0.0293,0.0,0.486,0.173,106.038,4,[]
338,Young Thug,They Killin Niggas,4PUMcoMOCNh2kTUT396TTt,I Came from Nothing 2,4k4w4MLXdY084qrbMGy9Sg,2011-12-20,14,True,0.715,174709,0.66,11,-6.828,1,0.275,0.013,0.0,0.125,0.702,102.934,5,['Buc Buc']
339,Young Thug,The Plug,7pAQttYwzK1lREc2kypKW9,I Came from Nothing 2,4k4w4MLXdY084qrbMGy9Sg,2011-12-20,15,True,0.359,178366,0.691,10,-9.103,0,0.297,0.00875,0.0,0.565,0.39,144.772,4,[]
340,Young Thug,For Y'all,3K4cFANZpynWvj8WyIlTjx,Rap Love Songs,0tr0cC27RBXAmDAKaO0nST,2024-01-12,19,True,0.691,219707,0.511,9,-8.405,1,0.151,0.0277,0.0,0.112,0.589,140.002,4,['Jacquees']
341,Young Thug,Digits,3BYxuIWHJ6ezJcWJAbV7Tl,HEAVY BASS for the car,1PemXRW8H5I9Gfcrm0tf4e,2023-04-14,9,True,0.769,176387,0.631,10,-4.228,0,0.0546,0.0323,0.0,0.116,0.293,131.917,4,[]
342,Young Thug,Murder,5OmllAL7UUJOxuhiNS3p2h,Black Portland Deluxe,6dKhBBBwYoSfBbvpy3JxdH,2015-02-17,4,True,0.643,187690,0.537,9,-11.125,0,0.124,0.00363,0.0,0.815,0.388,66.489,4,[]
343,Young Thug,Relationship,1oSB7eb48nPJyzjgiLjVcJ,Buss It - Viral Rap,3bd9b6FeUjYr32k6omCkTU,2021-06-11,6,True,0.841,215307,0.595,2,-6.337,1,0.0624,0.0025,0.0,0.12,0.3,145.995,4,['Future']
344,Young Thug,"Wit Da Racks (feat. 21 Savage, Travis Scott & Yak Gotti)",6zCRHr8L3iZVglqXSoqjTy,BUSINESS IS BUSINESS (Metro's Version),1E7ibA3gXudpo1LBfzSRdh,2023-06-25,14,False,0.767,226413,0.7,4,-7.236,0,0.302,0.00328,0.0,0.232,0.384,145.065,4,"['Yak Gotti', 'Travis Scott', '21 Savage']"
345,Young Thug,Parade on Cleveland (feat. Drake),5xwbAjEXCRBo8tc9hfZzlT,BUSINESS IS BUSINESS (Metro's Version),1E7ibA3gXudpo1LBfzSRdh,2023-06-25,14,False,0.524,228267,0.279,3,-13.152,0,0.505,0.463,1.23e-05,0.111,0.328,82.875,4,['Drake']
346,Young Thug,Halftime,0n6QjTCUe9CQ8DQTCfvMLf,Trap Doin' Numbers,4v4bHTPkLQpsXoQjPbJWeC,2015-06-02,9,True,0.684,202266,0.571,11,-5.197,0,0.135,0.147,0.0,0.142,0.213,132.634,4,[]
348,Young Thug,Abracadabra (feat. Travis Scott),2op6TUMgfYpRMhINIjHHtd,BUSINESS IS BUSINESS (Metro's Version),1E7ibA3gXudpo1LBfzSRdh,2023-06-25,13,False,0.657,247733,0.556,8,-6.703,0,0.217,0.0392,0.0,0.115,0.407,163.185,4,['Travis Scott']
351,Young Thug,Fuck 12,6MHdSoKZsTlGG4a10Bkxq3,I Came from Nothing 2,4k4w4MLXdY084qrbMGy9Sg,2011-12-20,14,True,0.72,274314,0.717,11,-6.982,1,0.212,0.081,0.0,0.136,0.427,140.029,4,"['MPA Duke', 'MPA Wicced']"
352,Young Thug,Icy Hot (with Doja Cat),1OjmkzkFNVzK4xJyFSYYNs,Punk,4tYDU5yrBpOxg2hUuBOgBo,2021-10-14,8,False,0.906,216667,0.516,0,-7.785,1,0.223,0.0162,0.0,0.088,0.598,143.973,4,['Doja Cat']
353,Young Thug,Global Access (feat. Nate Ruess),0mUcaUkwcC0bgFQTY21imA,BUSINESS IS BUSINESS,7CLo0dKR7Zk97M2TLO8mb8,2023-06-22,9,False,0.694,148533,0.669,2,-8.87,1,0.347,0.337,0.0,0.134,0.324,106.014,4,['Nate Ruess']
354,Young Thug,Money On The Dresser,54cYeTIWuGhRIdbYn3C3vi,BUSINESS IS BUSINESS (Metro's Version),1E7ibA3gXudpo1LBfzSRdh,2023-06-25,6,False,0.888,133000,0.665,8,-6.933,1,0.258,0.000109,0.025,0.105,0.448,160.015,4,[]
356,Young Thug,Hundreds,0rQNqhEOVurfRrjTJX4s10,Ballin' & Stuntin' Vol. 10,6kjnHHSHaKUaalHIKEMhWw,2014-07-07,6,True,0.649,182988,0.628,1,-6.452,1,0.0434,0.0299,0.0,0.178,0.318,140.971,4,['Meek Mill']
360,Young Thug,Icy Hot (with Doja Cat),1OjmkzkFNVzK4xJyFSYYNs,Punk,4tYDU5yrBpOxg2hUuBOgBo,2021-10-14,8,False,0.906,216667,0.516,0,-7.785,1,0.223,0.0162,0.0,0.088,0.598,143.973,4,['Doja Cat']
361,Young Thug,Global Access (feat. Nate Ruess),0mUcaUkwcC0bgFQTY21imA,BUSINESS IS BUSINESS,7CLo0dKR7Zk97M2TLO8mb8,2023-06-22,9,False,0.694,148533,0.669,2,-8.87,1,0.347,0.337,0.0,0.134,0.324,106.014,4,['Nate Ruess']
362,Young Thug,Money On The Dresser,54cYeTIWuGhRIdbYn3C3vi,BUSINESS IS BUSINESS (Metro's Version),1E7ibA3gXudpo1LBfzSRdh,2023-06-25,6,False,0.888,133000,0.665,8,-6.933,1,0.258,0.000109,0.025,0.105,0.448,160.015,4,[]
364,Young Thug,Hundreds,0rQNqhEOVurfRrjTJX4s10,Ballin' & Stuntin' Vol. 10,6kjnHHSHaKUaalHIKEMhWw,2014-07-07,6,True,0.649,182988,0.628,1,-6.452,1,0.0434,0.0299,0.0,0.178,0.318,140.971,4,['Meek Mill']
369,Young Thug,Mad Dog,3p7CAXZNBxO8OLkrEwQ24k,BUSINESS IS BUSINESS (Metro's Version),1E7ibA3gXudpo1LBfzSRdh,2023-06-25,8,False,0.634,229000,0.501,6,-6.296,0,0.179,0.0207,0.0,0.153,0.349,159.93,4,[]
371,Young Thug,Fifth Day Dead,7oYLnpYhIB9ZFhvwmRsvgb,Punk,4tYDU5yrBpOxg2hUuBOgBo,2021-10-14,10,False,0.676,150236,0.385,2,-13.472,1,0.304,0.219,0.0,0.102,0.189,89.879,4,[]
373,Young Thug,Hellcat Kenny (feat. Lil Uzi Vert),4cfKvtyBNVQI0bXuwSJHbG,BUSINESS IS BUSINESS (Metro's Version),1E7ibA3gXudpo1LBfzSRdh,2023-06-25,9,False,0.934,154467,0.523,8,-9.342,0,0.279,0.0534,2.72e-06,0.0803,0.732,140.122,4,['Lil Uzi Vert']
378,Young Thug,Relationship,3u0ll8gFiFewmiuTOosf1K,Captain - TikTok Rap,1k6w7v44V5OtDbnTjLoCMw,2022-02-18,7,True,0.841,215307,0.595,2,-6.337,1,0.0624,0.0025,0.0,0.12,0.3,145.995,4,['Future']
382,Young Thug,Gucci Grocery Bag,6BM1x4uVdTZAwC7KAifU7M,BUSINESS IS BUSINESS,7CLo0dKR7Zk97M2TLO8mb8,2023-06-22,9,False,0.907,175133,0.485,1,-6.532,1,0.161,0.00395,5.67e-05,0.0721,0.723,145.027,4,[]
384,Young Thug,Relationship,4t5MYKcJ39zKtY88qFXvpP,Playinwitme - Locked In,49Hpalv6EaBkBBK36CJj99,2022-02-11,4,True,0.841,215307,0.595,2,-6.337,1,0.0624,0.0025,0.0,0.12,0.3,145.995,4,['Future']
385,Young Thug,Global Access (feat. Nate Ruess),6kL24usyrKtdvoaOs7hSNr,BUSINESS IS BUSINESS (Metro's Version),1E7ibA3gXudpo1LBfzSRdh,2023-06-25,6,False,0.694,148533,0.669,2,-8.87,1,0.347,0.337,0.0,0.134,0.324,106.014,4,['Nate Ruess']
386,Young Thug,Who's on Top,17l75ISmHiMMuKjjuiBdkC,Rich Homie Gang - Hood Lifestyle,14qgOpWL6dpjsR2wky9tmO,2014-12-09,4,True,0.471,231393,0.685,11,-6.086,1,0.324,0.177,0.0,0.339,0.594,96.436,5,[]
388,Young Thug,Treasure,0xynIpJZUQmCV6y1XU0kOU,Plugged,56IdNEA2kdTukO9vHhbPcT,2014-07-24,9,True,0.853,208927,0.749,5,-4.926,0,0.221,0.258,0.0,0.406,0.714,128.153,4,['Zuse']
389,Young Thug,Surf (feat. Gunna),0NxNvnNpWhGrUYc7JxhRwX,"Sommer, Sonne - Surfen",61LxWZm06wLMHI2UyY9qay,2024-08-01,11,True,0.93,184093,0.557,0,-8.048,1,0.246,0.104,0.0,0.0992,0.609,140.986,4,['Gunna']
394,Young Thug,Boy Back (feat. NAV),6LqW3lcaz7LtvZ4TCoTGNm,So Much Fun,5AivpkHClIpmRxheNz1TzN,2019-08-15,7,False,0.774,202427,0.564,9,-9.017,0,0.218,0.0411,1.89e-06,0.367,0.385,143.019,4,['NAV']
397,Young Thug,Contagious,5sjSafNGHVkBwqg60T647I,Punk,4tYDU5yrBpOxg2hUuBOgBo,2021-10-14,11,False,0.56,150065,0.516,1,-9.905,0,0.455,0.567,0.0,0.18,0.484,76.511,4,[]
403,Young Thug,Cocaina,1dr7Dd92kv1JTpPXe0Wg4Y,"The Dab Chronicles, Vol. 1",7cMc9nrEaDM0oP7gdVM307,2015-11-18,9,True,0.574,270234,0.773,8,-5.289,0,0.338,0.156,0.0,0.111,0.451,103.061,4,['Migos']
405,Young Thug,Best Friend,1lGBmBa4iR2X6fHswsA0DW,TB Trap,7fXmjbh7K4jenwO14NKROo,2023-08-25,3,True,0.959,213000,0.598,8,-5.534,1,0.0713,0.0358,0.0,0.358,0.408,127.028,4,[]
406,Young Thug,Laugh,2YIK5aeWRtElqWf9ofUpFo,Count Dat Money,0PhTeINumD5r2Lv0ZZw3Wi,2014-04-14,6,True,0.831,176300,0.486,1,-6.309,1,0.142,0.048,0.0,0.271,0.275,140.819,4,[]
410,Young Thug,Time Out,5IsX816Fv2rOMOqkxTbMrC,#TrippYouDidItAgain 2: Still Trippin (Special Extended Deluxe Edition),7aOkUBodHGajPCohQjYLwE,2016-11-11,3,True,0.69,145580,0.644,5,-6.117,0,0.341,0.613,0.0,0.073,0.553,157.021,4,['Dj Tripp Da Hit Major']
412,Young Thug,Make a Lot $$$,0qTpHFfKnO9x1oudM1NWPz,"Married to da Trap, Vol. 1",0NvtJb3vp6dzYtQPJEFG8k,2016-05-02,5,True,0.678,233941,0.455,1,-10.888,0,0.0552,0.0351,0.0,0.345,0.103,99.49,4,[]
413,Young Thug,Paranoia,3DE2hRRAxdOAAvKg7sRDZl,Black Portland Deluxe,6dKhBBBwYoSfBbvpy3JxdH,2015-02-17,6,True,0.662,213055,0.593,1,-10.596,1,0.117,0.00613,0.0,0.0717,0.0683,120.126,4,['Bloody Jay']
415,Young Thug,I Got It,3jyYZM7kYDvR8BGhpdEhJY,Rich Homie Gang - Hood Lifestyle,14qgOpWL6dpjsR2wky9tmO,2014-12-09,5,True,0.82,272431,0.455,2,-8.742,1,0.316,0.17,0.0,0.106,0.26,134.99,4,['Peewee Longway']
418,Young Thug,Mannequin Challenge,1HI99Zi2PL1SbZjn3ip2D4,Still Emo,1Cbqe3Ly4F0VfarbpDdkvX,2023-12-16,6,True,0.858,162400,0.583,1,-7.466,0,0.0865,0.0908,0.0,0.204,0.443,132.005,4,['Juice WRLD']
419,Young Thug,Gucci Grocery Bag,51nipZAKzgoeI6ac7jKeFn,BUSINESS IS BUSINESS (Metro's Version),1E7ibA3gXudpo1LBfzSRdh,2023-06-25,5,False,0.907,175133,0.485,1,-6.532,1,0.161,0.00395,5.67e-05,0.0721,0.723,145.027,4,[]
422,Young Thug,High,6Ajcx8Unl3Hgfeqohglod5,2023 Hits and Chill,7LB4OvjZbsXY6y4RTB3u0G,2023-11-25,2,True,0.757,195160,0.498,10,-10.615,1,0.0804,0.223,5.82e-05,0.406,0.243,126.981,4,['Elton John']
424,Young Thug,Worth It,4yarmg6i9SbtRWPe6GVpkP,Pure R'n'B Passion,2a3I0G9ouUzV3jAsswtjqi,2023-11-04,5,True,0.609,186026,0.435,4,-9.191,0,0.134,0.0326,0.0,0.091,0.112,136.814,4,[]
426,Young Thug,Check,5L9iRYpd7xg0qzwBAHfcFp,Summer 16 Throwback,5L2H8FGuttH08KysU92kuo,2024-01-19,2,True,0.666,230693,0.58,5,-5.163,0,0.331,0.0417,0.0,0.183,0.37,110.953,4,[]
427,Young Thug,With That,6YRdCaK5kRggvExi1NsPJ9,GOAT Tracks,0hvEXIkOGb3aDcjiGMhzfb,2024-10-05,0,True,0.751,202533,0.597,9,-6.59,0,0.125,0.0659,0.0,0.0881,0.159,123.997,4,['Duke']
429,Young Thug,With Them,5KBb4gXBQmPzR9ZqGarZi4,GRWM: Friday Night Rager,2HYglV87JixcAexBo5ojeY,2023-11-30,2,True,0.927,197747,0.517,9,-6.794,1,0.184,0.00215,0.0,0.091,0.284,132.07,4,[]
430,Young Thug,Bad Bad Bad,4OwkGxG0eJGTPAUxQGXbfv,New Era of Rap,0iSN9ZlOtLkCYXf5za9Amb,2024-03-05,5,True,0.974,149040,0.596,6,-8.888,1,0.184,0.0976,0.0,0.151,0.892,111.959,4,['Lil Baby']
431,Young Thug,Hot (feat. Gunna),3TaHNtJatdeAwd4tnGSHOh,RAP,7JWUvNcvdxmXIzo6cM10rQ,2024-06-28,4,True,0.855,193027,0.651,0,-8.044,0,0.234,0.0636,0.0,0.0772,0.559,111.992,4,['Gunna']
432,Young Thug,Lets Go Play,7morHEY7jAkErFhTeJLVYX,Black Portland Deluxe,6dKhBBBwYoSfBbvpy3JxdH,2015-02-17,5,True,0.693,191138,0.695,1,-5.858,0,0.156,0.000769,0.0,0.0976,0.47,141.03,4,['Bloody Jay']
433,Young Thug,Hot,4Mg8eWrJBhUspjZwixyrnH,Twenty Tens Rap,6uuxY5xUUhTOKpzwwMipCi,2023-05-26,3,True,0.855,193027,0.651,0,-8.044,0,0.234,0.0636,0.0,0.0772,0.559,111.992,4,['Gunna']
434,Young Thug,Hot,0P9laTWvlkEbCeldtwksg3,All 20's Rap,3XvaEpDYNKeqRfaGiE75Zx,2023-06-23,1,True,0.855,193027,0.651,0,-8.044,0,0.234,0.0636,0.0,0.0772,0.559,111.992,4,['Gunna']
437,Young Thug,Like 2 Bishes,6UociWO2lRSpBM8DerDvc8,Like 2 Bishes - Itunes Ringtone,37mRZl51vVKU4gXspHIJcH,2014-06-12,8,False,0.823,30000,0.526,6,-11.51,0,0.0784,0.555,0.00123,0.204,0.614,117.003,4,[]
441,Young Thug,Bubbly,3Jebk84EXN0FcsvVNdgWTY,Campetto da basket,4g2quuxY9kQQxXNf8peaYl,2023-09-19,4,True,0.91,165067,0.585,11,-7.572,0,0.257,0.0536,0.0,0.127,0.599,129.011,4,"['Drake', 'Travis Scott']"
443,Young Thug,Halftime,59dJ8Y1F8OKcFJUvMVKeUC,Summer Road Trip '24,6abpAaV7mocmrPUcbSPnT7,2024-06-14,2,True,0.709,226733,0.487,11,-6.221,0,0.253,0.0641,0.0,0.112,0.168,133.258,4,[]
444,Young Thug,Digits,6bMo89gMhymXmgDDdbHVyc,Summer 16 Throwback,5L2H8FGuttH08KysU92kuo,2024-01-19,2,True,0.769,176387,0.631,10,-4.228,0,0.0546,0.0323,0.0,0.116,0.293,131.917,4,[]
445,Young Thug,Pacifier,3IyXIG8MURGOFR9Kp5EPvG,Pacifier,2M2ELjUh4E5XhU4NserwE1,2015-07-17,4,False,0.771,238013,0.824,1,-5.921,1,0.114,0.0448,0.0,0.319,0.396,116.992,4,[]
447,Young Thug,Hot,5vyRh0Z6EZlwJvFbVSpJo6,GOATS,7vVu3KvSpAdjUbHMzRfgMz,2024-09-06,0,False,0.929,193027,0.631,7,-7.419,0,0.184,0.0864,0.0,0.0691,0.433,112.022,4,['Gunna']
452,Young Thug,Hot,7jWToev6HDLZxeS0zIv0bK,On Repeat: Hip Hop,28VmpOCcRqzKeSrCznA3xr,2023-07-14,1,False,0.929,193027,0.631,7,-7.419,0,0.184,0.0864,0.0,0.0691,0.433,112.022,4,['Gunna']
453,Young Thug,Back Bone,4tENrpksfqqaW81ZqqBkLT,Before Anythang (Original Motion Picture Soundtrack),28qSVgShJKQ2MnOrW2jPwc,2018-10-12,1,False,0.721,209773,0.608,6,-7.349,0,0.422,0.0176,0.0,0.109,0.232,146.814,4,[]
459,Young Thug,Back Bone,4tENrpksfqqaW81ZqqBkLT,Before Anythang (Original Motion Picture Soundtrack),28qSVgShJKQ2MnOrW2jPwc,2018-10-12,1,False,0.721,209773,0.608,6,-7.349,0,0.422,0.0176,0.0,0.109,0.232,146.814,4,[]
466,Young Thug,Oh U Went (feat. Drake),1ZcziPsb73ZUtHl56eO3xh,Hit the books,0F6EG0B6DfF6J7gO0JCZoO,2024-09-18,2,True,0.808,185333,0.789,7,-5.88,0,0.236,0.0517,0.0,0.0819,0.465,136.004,4,['Drake']
467,Young Thug,Halftime,4m8QbQPiXEtQLrJH93rwDO,"summer's out, school's in",0l4TgLeWet2NfiE1Nspuh1,2024-08-17,3,True,0.709,226733,0.487,11,-6.221,0,0.253,0.0641,0.0,0.112,0.168,133.258,4,[]
468,Young Thug,Relationship,6TppAMxQIeAzSnoojDFv65,Hip Hop,0lnEUilmSkdZTkZOtWtDAL,2021-12-24,1,True,0.841,215307,0.595,2,-6.337,1,0.0624,0.0025,0.0,0.12,0.3,145.995,4,['Future']
470,Young Thug,Check,0XsDMVT8l6u8eMeUPlzNjl,Best Of: Hip Hop,4mSqrlZObxHOpxpjRHuxTb,2024-09-04,0,True,0.666,230693,0.58,5,-5.163,0,0.331,0.0417,0.0,0.183,0.37,110.953,4,[]
471,Young Thug,Hot - (feat. Gunna),0K4gUfyZv0wWQtF9zJ9vZY,10s Best Rap,0GRoVqLPX0PH41e5mpk1oY,2024-04-18,5,True,0.855,193027,0.651,0,-8.044,0,0.234,0.0636,0.0,0.0772,0.559,111.992,4,['Gunna']
475,Young Thug,Up,0e91EuGsQZSNwxSeLSNKSA,Rap Worldwide 2023,34Wq1o1wNt4dLC6hOOHx3F,2024-05-22,1,True,0.852,296413,0.617,1,-7.515,0,0.12,0.00154,6.28e-05,0.36,0.302,129.969,4,['Lil Uzi Vert']
476,Young Thug,Halftime,3julszao8ENx2Y8eJ3Etz7,headed to the function,7thqGpp1dMq8jLANX87oZH,2024-06-14,1,True,0.709,226733,0.487,11,-6.221,0,0.253,0.0641,0.0,0.112,0.168,133.258,4,[]
477,Young Thug,Money,0ntRefUUhVFtwe1ww1IIMC,Rap Caero,0Uk830eA7nou3JV5I4wPzp,2023-11-17,3,True,0.764,266400,0.701,8,-4.706,1,0.0394,0.0581,0.0,0.107,0.63,149.979,4,"['Juice WRLD', 'Nicki Minaj']"
479,Young Thug,From a Man,0Be1MWbo8nKBolXlamXQfp,Rap Delights,7xlfvNRgUHWtG0v1hBcA1N,2024-02-23,2,True,0.542,207133,0.695,11,-6.539,0,0.183,0.0111,0.0,0.114,0.306,70.934,1,[]
482,Young Thug,Oh U Went (feat. Drake),0WbbYcjpVeMSNQkXqTSdue,there I go new rap flow,2BlOHvHC3kTordqZPBTYX4,2023-09-09,3,True,0.808,185333,0.789,7,-5.88,0,0.236,0.0517,0.0,0.0819,0.465,136.01,4,['Drake']
484,Young Thug,Up,31G22zewZROyFnYIt9Ic6p,Social Media Rap and R&B Hits,6epJnxRC8hNfU1mxxugOna,2024-05-21,1,True,0.852,296413,0.617,1,-7.515,0,0.12,0.00154,6.28e-05,0.36,0.302,129.969,4,['Lil Uzi Vert']
485,Young Thug,Digits,4tZyZWIbve6ee6RsCn3GmJ,Summer Heat,7imYoImohFRRq4fQ0SitB4,2024-04-18,2,True,0.769,176387,0.631,10,-4.228,0,0.0546,0.0323,0.0,0.116,0.293,131.917,4,[]
487,Young Thug,High,4nZ5aPIhZxcEN6PXiSHBI9,Happy Pride Month! - LGBTQIA - 2024,4OQdkbfHJOS689GZwrQ15z,2024-05-22,1,True,0.757,195160,0.498,10,-10.615,1,0.0804,0.223,5.82e-05,0.406,0.243,126.981,4,['Elton John']
491,Young Thug,With That,7JwpoGE7TnmX4vI3PlPiRm,Magic - Hip Hop Hits,6jbNxREtRWfajVrORsczPt,2022-02-25,4,True,0.751,202533,0.597,9,-6.59,0,0.125,0.0659,0.0,0.0881,0.159,123.997,4,['Duke']
498,Young Thug,Bad Bad Bad,0l7xkp9tVdJ8P00kn2U6bI,best driving songs,5T0wVpe8geb2LK0riVsnAg,2024-02-09,4,True,0.974,149040,0.596,6,-8.888,1,0.184,0.0976,0.0,0.151,0.892,111.959,4,['Lil Baby']
501,Young Thug,Hot,7L3cmpaiJIt9XV9C0X1zex,Hip-Hop Energy Booster,1XZRK6OuAFmrDsblvSdCIA,2021-12-17,2,True,0.855,193027,0.651,0,-8.044,0,0.234,0.0636,0.0,0.0772,0.559,111.992,4,['Gunna']
503,Young Thug,Hot,6j8KipXEGkCCKiHK1QrGQE,Both - Rap Essentials,3NmNBQKa4oYFPxOWLLaNy1,2022-02-25,0,True,0.855,193027,0.651,0,-8.044,0,0.234,0.0636,0.0,0.0772,0.559,111.992,4,['Gunna']
504,Young Thug,Digits,1Lgo9kDXLtnM9GKQSKopPa,HIP-HOP GAMING,2QuShxKb48N37MhF4t0pbK,2024-01-25,1,True,0.769,176387,0.631,10,-4.228,0,0.0546,0.0323,0.0,0.116,0.293,131.917,4,[]
507,Young Thug,Hot (feat. Gunna),4U3RjXzsZPKTDMdM86CrL7,The 10s The Rap The Hits,1bWo8T3YpHF381BcRQ4iaF,2024-09-24,0,True,0.855,193027,0.651,0,-8.044,0,0.234,0.0636,0.0,0.0772,0.559,111.992,4,['Gunna']
508,Young Thug,Droppin Jewels,25idxdqZ5G4y3KL5quEdFD,Rap Radar the 20's,52BIGx438ssjNoVpBvLzQk,2023-11-04,2,True,0.575,218597,0.523,2,-10.002,0,0.506,0.489,0.0,0.0873,0.616,78.252,4,[]
509,Young Thug,Money,1i3Bd2m54P8MZZpAEopSCa,Rap Life,2ngiXPHxikgFBoYrNhSHgW,2023-12-22,1,True,0.764,266400,0.701,8,-4.706,1,0.0394,0.0581,0.0,0.107,0.63,149.979,4,"['Juice WRLD', 'Nicki Minaj']"
513,Young Thug,Oh U Went (feat. Drake),1a8MFznJ3z2Vcy0Wbu1pQn,"summer's out, school's in",0l4TgLeWet2NfiE1Nspuh1,2024-08-17,1,True,0.808,185333,0.789,7,-5.88,0,0.236,0.0517,0.0,0.0819,0.465,136.004,4,['Drake']
514,Young Thug,Stupid/Asking,31q5s4TrRzHzIn6KwVdIib,Chill Rap,1UjH8KFm6Xyw4zWx6pM5Ss,2024-02-24,0,True,0.586,333751,0.501,1,-11.193,1,0.362,0.497,1.33e-06,0.372,0.473,109.482,5,[]
518,Young Thug,Im Dope,24m7Ad8spjPWtXUw300blQ,Live from the County,190rfTbDDbjF9kHnzgFB00,2014-04-03,1,True,0.975,199288,0.733,8,-5.755,0,0.0575,0.143,0.000564,0.115,0.778,125.953,4,['YC']
519,Young Thug,Oh U Went (feat. Drake),0jjiqQt6Ya8JMijM4LxsDn,Day Party,6Jgcw6SHigqdcKruj04Zc0,2024-05-09,1,True,0.808,185333,0.789,7,-5.88,0,0.236,0.0517,0.0,0.0819,0.465,136.004,4,['Drake']
520,Young Thug,From a Man,6wicMVzIJq0mIV9z30BHLM,Bussin' Beats,16g4foxVL7DyyYPM0CAmOj,2024-08-01,0,True,0.542,207133,0.695,11,-6.539,0,0.183,0.0111,0.0,0.114,0.304,70.934,1,[]
523,Young Thug,From a Man,3gGBz0xDoCgqn2JiLM1mAr,Rap 2024,5jYXzxA1KvkhTDrFVwkQ08,2023-12-23,1,True,0.542,207133,0.695,11,-6.539,0,0.183,0.0111,0.0,0.114,0.306,70.934,1,[]
524,Young Thug,Hot,702G57536X4RScJ0Avk9hf,Prime Hip Hop,3m1F2LyfqbbBSTfDSr2XcR,2023-07-28,0,False,0.929,193027,0.631,7,-7.419,0,0.184,0.0864,0.0,0.0691,0.433,112.022,4,['Gunna']
528,Young Thug,Oh U Went (feat. Drake),6iTfYVl37NIWQJAslGumhL,X-Channel,35yfy0Squ4I7M7B8UpBqEp,2023-08-28,1,True,0.808,185333,0.789,7,-5.88,0,0.236,0.0517,0.0,0.0819,0.465,136.01,4,['Drake']
530,Young Thug,2 Bitches,1KI3bPjYeWBqFNWSOvC7pz,The 10s The Rap The Hits,1bWo8T3YpHF381BcRQ4iaF,2024-09-24,0,False,0.845,216000,0.55,9,-11.022,1,0.0542,0.28,0.0111,0.092,0.176,116.981,4,[]
535,Young Thug,Halftime,1L36AR6pwWBHO6V2SIAjFn,FTW,2BHZL1Aj10Prwmbg17PjCA,2024-08-28,0,True,0.709,226733,0.487,11,-6.221,0,0.253,0.0641,0.0,0.112,0.168,133.258,4,[]
536,Young Thug,Workout,26qOvnleZ2EPxdHgXQfHP7,Live from the County,190rfTbDDbjF9kHnzgFB00,2014-04-03,2,True,0.68,181264,0.616,7,-9.153,0,0.186,0.00148,0.0,0.423,0.626,137.942,4,['Yakki']
537,Young Thug,From a Man,38TScTzKsICByr4pZW0eOP,Start My Day - Hip Hop,66gQiH3fdnsz93adj02ulT,2023-12-23,0,True,0.542,207133,0.695,11,-6.539,0,0.183,0.0111,0.0,0.114,0.306,70.934,1,[]
539,Young Thug,Oh U Went - (feat. Drake),2fmmOahOEq6IffpoK9C0sa,smooth sounds,4LpPL4URxf5u2Yq0Kfdfk5,2024-02-20,1,True,0.808,185333,0.789,7,-5.88,0,0.236,0.0517,0.0,0.0819,0.465,136.01,4,['Drake']
540,Young Thug,Up,1j6gJSsvlxo94ZjaKl7sbE,Hip Hop 2023,6y9ZKzlQycEzSeMFACVsat,2024-06-01,0,True,0.852,296413,0.617,1,-7.515,0,0.12,0.00154,6.28e-05,0.36,0.302,129.969,4,['Lil Uzi Vert']
541,Young Thug,Memo,0jds8od89DR61zWYiUjLfH,Moshpit Bangers,26wB1STzhqlzEBlm1aXwpD,2024-02-22,0,True,0.822,195413,0.564,1,-6.617,1,0.118,0.15,0.0,0.122,0.348,131.995,4,[]
542,Young Thug,Hot,4tXaHDhJkHIEab34Xv3Y9D,Gaming session,0dWKJ41JdbUzltBu7hGM37,2023-07-07,0,True,0.855,193027,0.651,0,-8.044,0,0.234,0.0636,0.0,0.0772,0.559,111.992,4,['Gunna']
543,Young Thug,Hot,4rRl1gCO5wr3o98AKDrR5D,Trap Nasty,0sSPUoOcbSMebsa0WopCq0,2023-06-30,1,False,0.929,193027,0.631,7,-7.419,0,0.184,0.0864,0.0,0.0691,0.433,112.022,4,['Gunna']
545,Young Thug,Hot,0hbid3Zqck2GlHOxCmSyZZ,Congratulations - 20s Hits,3Xv8sZZh6PsBH5b2wACYB7,2022-03-11,0,True,0.855,193027,0.651,0,-8.044,0,0.234,0.0636,0.0,0.0772,0.559,111.992,4,['Gunna']
546,Young Thug,Best Friend,04EROEB75EWz9NEvMuZwmK,This Is Trap,0EyluQ9WB3REQiGXgCFv64,2022-07-29,3,True,0.959,213000,0.598,8,-5.534,1,0.0713,0.0358,0.0,0.358,0.408,127.028,4,[]
547,Young Thug,Parade on Cleveland,2PIDpifB92TemdwROYSmtI,late night driving,1Ae35SYGSFTglvPCwVYE6Z,2024-01-15,0,True,0.526,228267,0.283,3,-13.127,0,0.566,0.447,5.12e-06,0.111,0.354,165.991,1,['Drake']
549,Young Thug,Halftime,6Ax4AdJgEMKHTZvPSuJHUp,New Era of Rap,0iSN9ZlOtLkCYXf5za9Amb,2024-03-05,1,True,0.709,226733,0.487,11,-6.221,0,0.253,0.0641,0.0,0.112,0.168,133.258,4,[]
550,Young Thug,Hot,74lEAKgHlH3mL0Xx3hO1C9,Twenty Tens Hip Hop,4N8NSBBe9B5dWERrTqbyLk,2023-08-16,0,True,0.855,193027,0.651,0,-8.044,0,0.234,0.0636,0.0,0.0772,0.559,111.992,4,['Gunna']
551,Young Thug,Quarterback,28MOhW5P7Eny0mi8oDkmge,"In Trap We Trust, Vol. 3",3U2sGxRAyCLHKoDn5nZqxW,2015-10-26,1,True,0.817,283911,0.633,0,-7.739,0,0.0904,0.107,0.0,0.118,0.299,128.978,4,"['Migos', 'Peewee Longway']"
552,Young Thug,High,6DjMvZUqClyP9ZHjjNjiHR,lgbtqia+ - CSD - Party 2024 - Pride Month - June,1LZLBW5TCQ2QW5vc0JtEZj,2024-05-22,0,True,0.757,195160,0.498,10,-10.615,1,0.0804,0.223,5.82e-05,0.406,0.243,126.981,4,['Elton John']
553,Young Thug,Hot,2AS65nY6QxivVZQkThLcKp,"It's a (T)Rap - Rap, Trap & Hip Hop Culture",5uimZXkmsGGQDhWida4DhE,2023-11-02,0,False,0.929,193027,0.631,7,-7.419,0,0.184,0.0864,0.0,0.0691,0.433,112.022,4,['Gunna']
555,Young Thug,Hot,5r1KJKtgvfQFOAKEdIOmdY,Hip Hop Mixtape,7oxnoFhuQDWpHcwvk3Y3RS,2022-02-04,0,True,0.855,193027,0.651,0,-8.044,0,0.234,0.0636,0.0,0.0772,0.559,111.992,4,['Gunna']
556,Young Thug,Oh U Went (feat. Drake),2xtpUoD8j4djHo3iIHr6fN,Rap Anthems 23,3Ej4aZ1BMeN8r6Q5B9lxEF,2023-12-09,1,True,0.808,185333,0.789,7,-5.88,0,0.236,0.0517,0.0,0.0819,0.465,136.01,4,['Drake']
557,Young Thug,Oh U Went - (feat. Drake),290ajN2s5FeHHREWqpW4Ug,Top Rap 2024,3nl9PqkTOcgwkDZBokvwWV,2024-02-15,2,True,0.808,185333,0.789,7,-5.88,0,0.236,0.0517,0.0,0.0819,0.465,136.01,4,['Drake']
558,Young Thug,With That,6rk7G3besdCOAAA7JAkaep,Hip Hop Jams,5JsnwVMvB7IjpfNV5cHnQa,2022-07-01,0,True,0.751,202533,0.597,9,-6.59,0,0.125,0.0659,0.0,0.0881,0.159,123.997,4,['Duke']
562,Young Thug,Hot,6iXxAyIwRu0XZlEPXVjIXO,Lil Rap Compilation - 2023,1lPCm7eEJ13wvAvynzr8dk,2023-11-10,0,False,0.929,193027,0.631,7,-7.419,0,0.184,0.0864,0.0,0.0691,0.433,112.022,4,['Gunna']
564,Young Thug,Bad Bad Bad,2gutFOzUWMAUuEkiFOYr86,ride with me,6LlM6H4X4IoGfaUCq23Izu,2024-02-09,0,True,0.974,149040,0.596,6,-8.888,1,0.184,0.0976,0.0,0.151,0.892,111.959,4,['Lil Baby']
567,Young Thug,Hot (feat. Gunna),2BGSUbQRuX0LSp1Cn1LCkB,Power Up,5ZWlRGxFZmIbHL7npm5Fgu,2024-10-17,0,True,0.855,193027,0.651,0,-8.044,0,0.234,0.0636,0.0,0.0782,0.559,111.992,4,['Gunna']
570,Young Thug,From a Man,6cGLgAvwUgtQY8CSTPgH2T,New Rap,7dTX7UIB2Gfj1ZEHMPgOmN,2024-03-15,0,True,0.542,207133,0.695,11,-6.539,0,0.183,0.0111,0.0,0.114,0.306,70.934,1,[]
576,Young Thug,Hot,3eRQMkepkSTI9YAe928QMP,Ultimate Hip Hop Gaming,4M2MOcrWKziFTxOum8pWYP,2022-04-22,0,True,0.855,193027,0.651,0,-8.044,0,0.234,0.0636,0.0,0.0772,0.559,111.992,4,['Gunna']
577,Young Thug,"Love You More - (with Nate Ruess, Gunna & Jeff Bhasker)",1U7nx04xsmSuHq8TCD6gET,Falling in Love,6Tz5EKJROXLzWSdEQtF3BJ,2024-04-16,4,False,0.676,221913,0.377,6,-10.735,1,0.0463,0.598,0.00299,0.18,0.263,137.996,4,"['Gunna', 'Jeff Bhasker', 'Nate Ruess']"
578,Young Thug,Stupid/Asking,1PTCovdzZo6fnbnSHxUizm,Alternative Rap,577WVOBaQjBD4p8pIvmKjB,2023-12-13,0,True,0.586,333751,0.501,1,-11.193,1,0.362,0.497,1.33e-06,0.372,0.473,109.482,5,[]
579,Young Thug,Now,0167J0OcWtgte7s1ZrpxJ1,Hip Hop Grooves,3bPu08c4XMYP5tv3GIhtrE,2023-10-13,0,True,0.968,206773,0.353,6,-7.422,1,0.331,0.000205,2.53e-06,0.0939,0.0971,130.016,4,['21 Savage']
582,Young Thug,Hot (feat. Gunna),2QntCDGC0pIFgVUNcX6ya5,EXPLICIT,2twdXEaHK3DKVEgs4wkqnr,2024-05-28,0,True,0.855,193027,0.651,0,-8.044,0,0.234,0.0636,0.0,0.0772,0.559,111.992,4,['Gunna']
584,Young Thug,Insure My Wrist,4bGg2QKGvVzhbG7W8LoeHM,All That Rap,2mQKq3uoaDa0VJ2FWsKjpu,2023-11-04,0,True,0.607,168863,0.646,8,-10.39,0,0.351,0.221,0.0,0.0744,0.547,86.009,4,['Gunna']
586,Young Thug,Oh U Went (feat. Drake),04ZR1jBzlHFsmp5lKWKu53,Ultimate College Party,2ejRr11kE88aBn5hNKsIm6,2024-08-22,0,True,0.808,185333,0.789,7,-5.88,0,0.236,0.0517,0.0,0.0819,0.465,136.004,4,['Drake']
587,Young Thug,With That,1lpdz4A51ygEnC4G0zxdl8,Hip Hop 100,2mZjideTVafHl8TLX9hmMb,2022-08-19,0,True,0.751,202533,0.597,9,-6.59,0,0.125,0.0659,0.0,0.0881,0.159,123.997,4,['Duke']
588,Young Thug,Chanel (Go Get It) [feat. Gunna & Lil Baby],7iJcYxGH5tO3ekG9sBeH2B,Vacaciones y fiesta,0YPh6AIiktPW6HNCGnwpxj,2024-07-18,1,True,0.938,201707,0.5,4,-10.08,0,0.146,0.00186,0.0,0.077,0.455,140.013,4,"['Young Stoner Life', 'Gunna', 'Lil Baby']"
590,Young Thug,From a Man,0zoPn56VkQ4LkMXrKQJlXe,New Rap Gold,7kMgAmzfD6q3Q2gY2nW2y7,2024-02-22,0,True,0.542,207133,0.695,11,-6.539,0,0.183,0.0111,0.0,0.114,0.306,70.934,1,[]
591,Young Thug,Best Friend,5UUSlCSWs1ksV8jcHhs8AS,10s Rap,53CFV3FsI8F7FKbwk6Vph3,2024-03-15,0,True,0.959,213000,0.598,8,-5.534,1,0.0713,0.0358,0.0,0.358,0.408,127.028,4,[]
592,Young Thug,Hot (feat. Gunna),1eowyBgZtB6vzvBJAyXxk3,Car Music Rap,6Z3sJYjUx6LHHpqET5NzK8,2022-03-18,0,True,0.855,193027,0.651,0,-8.044,0,0.234,0.0636,0.0,0.0772,0.559,111.992,4,['Gunna']
594,Young Thug,Oh U Went (feat. Drake),5G1F1q7Hydd98z8VKePpYu,Oh U Went - Fresh Rap Shit,3VcZAmn12Mzjt3CMuX8jkX,2023-08-16,1,True,0.808,185333,0.789,7,-5.88,0,0.236,0.0517,0.0,0.0819,0.465,136.01,4,['Drake']
596,Young Thug,Think I'm 2pac,5UoifAfeJdCUM68eAiRI3a,"We Bout Dat Life, Vol. 4",5M4EFj8LubddjRgog0vZem,2015-01-29,1,True,0.828,177210,0.652,6,-7.921,0,0.253,0.0906,0.0,0.109,0.536,129.999,4,['Peewee Longway']
597,Young Thug,Relationship,5ERthaxPCbZ3LfJJGMDBi0,Murder On My Mind - Hip Hop Favourites,6gYwkTNNWnoT6MtklWVbB1,2021-10-01,1,True,0.841,215307,0.595,2,-6.337,1,0.0624,0.0025,0.0,0.12,0.3,145.995,4,['Future']
598,Young Thug,Livin It Up,7dEu7ZmAEbebLkqQwhPFd7,Trailrunning - Ultrarunning Focus,0Ayf3OU9LKp5dfJ6NYwJh0,2023-11-04,2,True,0.767,210907,0.313,7,-12.059,1,0.0798,0.838,0.0,0.105,0.765,82.582,4,"['Post Malone', 'A$AP Rocky']"
599,Young Thug,From a Man,3v5OhJTDBYTZVhFdG6P1yw,It's a Buzz,0R9duTnqaI3DzkIGsU076Q,2023-11-28,0,True,0.542,207133,0.695,11,-6.539,0,0.183,0.0111,0.0,0.114,0.306,70.934,1,[]
601,Young Thug,You Said,5c5sQmhycgoFx6xQcX9HN8,late night driving,1Ae35SYGSFTglvPCwVYE6Z,2024-01-15,3,True,0.577,402067,0.556,8,-6.894,1,0.114,0.145,0.0,0.21,0.177,119.979,4,['Quavo']
602,Young Thug,2 Bitches,1gv1nWMsbCQsAoFBMdO61M,10's Rap Gold,15fzkQ7BFUxO8oCNPpdRVX,2023-12-07,12,False,0.845,216000,0.55,9,-11.022,1,0.0542,0.28,0.0111,0.092,0.176,116.981,4,[]
603,Young Thug,Hot,1bAaKcgyFcG8ZwnlEQBy1W,The Box - Hip Hop Bangerz,553eTfq6YKk6C8GDBNNZ0u,2021-04-16,0,True,0.855,193027,0.651,0,-8.044,0,0.234,0.0636,0.0,0.0772,0.559,111.992,4,['Gunna']
606,Young Thug,Chanel (Go Get It) [feat. Gunna & Lil Baby],342uxslFGTZEi3bdxXP0q4,Freshman 15,4jYCQ8VGNVvRiiOOuTzRm5,2024-10-04,0,True,0.938,201707,0.5,4,-10.08,0,0.146,0.00186,0.0,0.077,0.455,140.013,4,"['Young Stoner Life', 'Gunna', 'Lil Baby']"
607,Young Thug,Hot (feat. Gunna),0UDirHiiUfIFBDzsCAVl4X,Cultura Hip Hop,5B0JW4TT7wonIBd93BFjoL,2024-09-18,0,True,0.855,193027,0.651,0,-8.044,0,0.234,0.0636,0.0,0.0772,0.559,111.992,4,['Gunna']
608,Young Thug,Bad Bad Bad (feat. Lil Baby),7rlmBXgBLCSS3tQQ5rbgSE,wasted youth wasted nights,3kTbgGyIzLNKf01MqxhHEy,2024-08-17,0,True,0.974,149040,0.596,6,-8.888,1,0.184,0.0976,0.0,0.151,0.892,111.959,4,['Lil Baby']
609,Young Thug,Money (feat. Juice Wrld & Nicki Minaj),6COeXzbWriGokH3bTx1FVN,Boujee,27TaLWaOr280ptx6gpFrXm,2024-05-31,0,True,0.764,266400,0.701,8,-4.706,1,0.0394,0.0581,0.0,0.107,0.63,149.979,4,"['Juice WRLD', 'Nicki Minaj']"
611,Young Thug,Oh U Went (feat. Drake),3Ccub8XZtuM2yo0ilw4E0Y,hot girl run,1DrC5DifhYRUQM5RJhVt7r,2024-05-21,0,True,0.808,185333,0.789,7,-5.88,0,0.236,0.0517,0.0,0.0819,0.465,136.004,4,['Drake']
612,Young Thug,Hot (feat. Gunna),0qhOq6zOxbSXrRMsSXTCEK,College Tailgate '24,5qcp2uRjVINoQRvS8XvhjS,2024-08-10,0,True,0.855,193027,0.651,0,-8.044,0,0.234,0.0636,0.0,0.0772,0.559,111.992,4,['Gunna']
614,Young Thug,Hot,276BMfrSms6kQ7Kfnyzewo,Hip-Hop Summer,1u6P59y8tAdNhZZaIt7vIh,2021-06-18,0,True,0.855,193027,0.651,0,-8.044,0,0.234,0.0636,0.0,0.0772,0.559,111.992,4,['Gunna']
615,Young Thug,Up,1id5U5WUD6VBwEqWSPTYHK,"International Rap Hits 2023 - Italian, Spanish, English, German etc. - 2023",4NlrViF4EzIet7cA3IuvRc,2024-05-09,0,True,0.852,296413,0.617,1,-7.515,0,0.12,0.00154,6.28e-05,0.36,0.302,129.969,4,['Lil Uzi Vert']
616,Young Thug,Up,3JYzMH6fM3Nw2auM698bjO,TikTok Rap & RnB Hits 2023,6E0vRbMQPoaStRHgatGUHk,2024-05-21,0,True,0.852,296413,0.617,1,-7.515,0,0.12,0.00154,6.28e-05,0.36,0.302,129.969,4,['Lil Uzi Vert']
617,Young Thug,Audemar,0LPKHNXi4RgTxH5CiTvlx7,DRIFTING MUSIC,7I216lV8D0VVAT1TeYZTjl,2024-02-03,0,True,0.907,207333,0.499,8,-9.985,1,0.256,0.0299,0.0,0.118,0.559,131.968,4,"['Young Stoner Life', 'Tracy T']"
618,Young Thug,Sin,72m1GMlXXRDX0UsHYmUoeW,Emo Rap,6Z5KfDOkv03yQ26cMQICsO,2023-11-24,1,True,0.889,202533,0.385,11,-11.767,0,0.165,0.00544,0.0,0.274,0.234,125.995,4,['Jaden Smith']
619,Young Thug,Cars Bring Me Out,2w0Uz9N5m0XFFl7MdvoHvd,Too Turnt: Rap Hits 2023,35wohS2SFjAIWikxFoH7Hu,2023-08-04,1,True,0.759,202933,0.741,10,-6.065,0,0.171,0.0192,0.0,0.145,0.69,100.054,4,['Future']
620,Young Thug,With That,44veWhcz2ovO1cW0mgsFJW,Rap Royalty,2Hx6liknH5NAUYb1GrS4Sk,2022-01-14,0,True,0.751,202533,0.597,9,-6.59,0,0.125,0.0659,0.0,0.0881,0.159,123.997,4,['Duke']
622,Young Thug,Best Friend,1NFQ3TwgQHPJwrJ2BbPD8X,Rap Playas,5BOZTRRQN22TNlLXAv0byP,2022-12-09,0,True,0.959,213000,0.598,8,-5.534,1,0.0713,0.0358,0.0,0.358,0.408,127.028,4,[]
623,Young Thug,Oh U Went (feat. Drake),6cIMnnBbUIkQYAEcdlEs39,2023 Rap Workout,2yO1M4NyxcL2JSo2bC4qe6,2023-09-15,1,True,0.808,185333,0.789,7,-5.88,0,0.236,0.0517,0.0,0.0819,0.465,136.01,4,['Drake']
624,Young Thug,Oh U Went (feat. Drake),7iKWs63xa8SOOjvNexnlEg,"catching flights, and some feelings",2SVuZUd4SGLH5muufBWyGI,2024-07-20,0,True,0.808,185333,0.789,7,-5.88,0,0.236,0.0517,0.0,0.0826,0.465,136.004,4,['Drake']
626,Young Thug,Hot,3kqdW7W125eYu6sKHTBmma,Playinwitme - Locked In,49Hpalv6EaBkBBK36CJj99,2022-02-11,0,True,0.855,193027,0.651,0,-8.044,0,0.234,0.0636,0.0,0.0772,0.559,111.992,4,['Gunna']
627,Young Thug,Millions,6VnE64MjAFkt5MVgJBfAfp,Trap Music,1SZUOupfNoor99qfy2n2HV,2022-07-29,0,True,0.942,157520,0.531,1,-7.51,1,0.215,0.00236,0.000109,0.0812,0.739,99.027,4,[]
629,Young Thug,Oh U Went (feat. Drake),6M2ukGRV1aco0AQoleep98,Skibidi Rap,6UXQG9jxf240nrK9muO6S5,2024-08-02,0,True,0.808,185333,0.789,7,-5.88,0,0.236,0.0517,0.0,0.0819,0.465,136.004,4,['Drake']
631,Young Thug,Insure My Wrist,3Iv2bGfKWrFfWlXguq9TkL,that's a rap,0BJJ9wNjO9bGEDpmHV4uTN,2024-01-13,0,False,0.599,168863,0.644,8,-10.47,0,0.349,0.203,0.0,0.0735,0.557,85.926,4,['Gunna']
632,Young Thug,Hot (feat. Gunna),1ZdGFKRYUbwGWiKv9Om9Xg,Best Of: Hip Hop,4mSqrlZObxHOpxpjRHuxTb,2024-09-04,0,True,0.855,193027,0.652,0,-8.044,0,0.235,0.0636,0.0,0.0772,0.56,111.992,4,['Gunna']
633,Young Thug,Cars Bring Me Out (feat. Future),0Dx7Nc0BC9UuRNQJX6l8eu,Hip Hop Don't Stop,1HeL8CoLmadDgF3XmBcyfW,2024-01-31,2,True,0.759,202933,0.741,10,-6.065,0,0.171,0.0192,0.0,0.145,0.69,100.054,4,['Future']
634,Young Thug,Ysl Anthem (feat. Prince Slime Dk & Slime God Mondo),2r8EACUw9TBJ9yuwxMORvO,#TrippYouDidItAgain 2: Still Trippin (Special Extended Deluxe Edition),7aOkUBodHGajPCohQjYLwE,2016-11-11,0,True,0.89,195867,0.371,11,-13.418,1,0.339,0.34,0.0127,0.113,0.462,128.053,4,"['Bloody Jay', 'Dj Tripp Da Hit Major', 'Prince Slime Dk', 'Slime God Mondo']"
636,Young Thug,Pussy,2gYO3AZAUvP0xMT8PaVlrC,Rap the 10s,2ZBx1qgla561lFIKIc7gxQ,2023-11-10,1,False,0.801,141493,0.775,5,-7.853,0,0.182,0.000677,0.0568,0.191,0.629,74.988,4,[]
638,Young Thug,Constantly Hating,6kGYKbh0hyhHUZiAvCdy80,Krmusik,1pLqXM3CokmWYM81NHCjEb,2024-02-15,0,True,0.831,267440,0.449,4,-9.765,1,0.526,0.276,0.0,0.201,0.547,84.99,4,['Birdman']
639,Young Thug,High,6zZYZJJFUcgKoFZxbn2MW9,Autunno Relax,1GsBIWJljO7Irs0Z95A8aU,2023-11-11,0,True,0.757,195160,0.498,10,-10.615,1,0.0804,0.223,5.82e-05,0.406,0.243,126.981,4,['Elton John']
640,Young Thug,Ecstasy,64jsGpiIxNb4uNypcp84Qj,Emo Rap,6Z5KfDOkv03yQ26cMQICsO,2023-11-24,0,True,0.826,178240,0.689,1,-6.557,1,0.13,0.000558,0.0,0.157,0.597,162.966,4,['mgk']
641,Young Thug,Stupid/Asking,4c0tvb4HTSOJHxWLLLMfce,"Cruising - Rap, R&B, Afrobeat",6iQ6FXDA8SWnHAceaj2Qtz,2024-08-01,0,True,0.586,333751,0.501,1,-11.193,1,0.361,0.497,1.33e-06,0.372,0.473,109.482,5,[]
642,Young Thug,Oh U Went (feat. Drake),0bq8Wo0TSx9iqI0LjKLpa7,Diamond Rap,46yzisFUpO7IXlDlvrvo4t,2023-10-28,0,True,0.808,185333,0.789,7,-5.88,0,0.236,0.0517,0.0,0.0819,0.465,136.01,4,['Drake']
643,Young Thug,Hot,1TlWbYceCZAid7rlGhoDrc,Cry Baby - Trending Hip Hop,3rnKaAZBFYBVbKXYUJezyn,2021-08-06,0,True,0.855,193027,0.651,0,-8.044,0,0.234,0.0636,0.0,0.0772,0.559,111.992,4,['Gunna']
645,Young Thug,Wyclef Jean,0gIl6sV02vNuNMY26CgpX0,BACK TO NEW SCHOOL HIP HOP,5tT6HzEJ5a6eobGRtE15Jj,2024-08-10,0,True,0.863,236293,0.576,5,-5.686,0,0.239,0.125,0.0,0.143,0.834,132.052,4,[]
647,Young Thug,Climax,4WR6OJj7nWyWtyDWy30KZ3,Alternative Rap,577WVOBaQjBD4p8pIvmKjB,2023-12-13,2,True,0.829,189093,0.362,0,-11.546,0,0.231,0.0608,0.0,0.135,0.369,122.912,4,['6LACK']
649,Young Thug,Up,0oZMUwFNO1xsWvdJCsdkP1,Tik Tok Rap Hits and R&B Newcomers,0Ub3fTiWJIW8WXwieoWvZw,2024-05-21,0,True,0.852,296413,0.617,1,-7.515,0,0.12,0.00154,6.28e-05,0.36,0.302,129.969,4,['Lil Uzi Vert']
650,Young Thug,Chanel (Go Get It),3REZYGrcUZ7iWiaU3E9lF8,lounging around,3buNcmeUQLX0dQQ1Ay9mhF,2024-02-20,0,True,0.938,201707,0.5,4,-10.08,0,0.146,0.00186,0.0,0.077,0.455,140.013,4,"['Young Stoner Life', 'Gunna', 'Lil Baby']"
653,Young Thug,Livin It Up,0OQoml1Hi80co9NTW0gjsX,Party Songs Everyone Knows,3gvwy5V5qDYrmNu6zzQQIU,2024-05-18,0,True,0.767,210907,0.313,7,-12.059,1,0.0807,0.838,0.0,0.105,0.763,82.582,4,"['Post Malone', 'A$AP Rocky']"
654,Young Thug,Oh U Went (feat. Drake),3proftdIvzjQtaoFqW8qLZ,Best of 2024 - Rap,1JqInY8vElxmGYX0GfAAbu,2024-09-20,0,True,0.808,185333,0.789,7,-5.88,0,0.236,0.0517,0.0,0.0819,0.465,136.004,4,['Drake']
656,Young Thug,Millions,0r9JJtZ1mnF7DDIkO0u6UX,Rap Mixtape,5fEIZOj8AwN6eeaA2OE0si,2022-08-12,0,True,0.942,157520,0.531,1,-7.51,1,0.215,0.00236,0.000109,0.0812,0.739,99.027,4,[]
657,Young Thug,Do U Love Me,2eUmy5aIwNwziFEwo9D0xK,Rap Stuff,08f5xejsuyok4wgEW2d9v1,2024-02-21,0,True,0.8,209573,0.607,8,-8.399,1,0.251,0.0134,0.0,0.257,0.713,101.925,4,[]
661,Young Thug,Oh U Went (feat. Drake),1n8Kzw7o9zEgtYVog3X6Ld,Aprs Ski Hip Hop Hits 2023,6suxJAX7mg5g3C60fFjPqn,2023-10-24,0,True,0.808,185333,0.789,7,-5.88,0,0.236,0.0517,0.0,0.0819,0.465,136.01,4,['Drake']
663,Young Thug,Livin It Up,0OQoml1Hi80co9NTW0gjsX,Party Songs Everyone Knows,3gvwy5V5qDYrmNu6zzQQIU,2024-05-18,0,True,0.767,210907,0.313,7,-12.059,1,0.0807,0.838,0.0,0.105,0.763,82.582,4,"['Post Malone', 'A$AP Rocky']"
664,Young Thug,Oh U Went (feat. Drake),3proftdIvzjQtaoFqW8qLZ,Best of 2024 - Rap,1JqInY8vElxmGYX0GfAAbu,2024-09-20,0,True,0.808,185333,0.789,7,-5.88,0,0.236,0.0517,0.0,0.0819,0.465,136.004,4,['Drake']
665,Young Thug,Millions,0r9JJtZ1mnF7DDIkO0u6UX,Rap Mixtape,5fEIZOj8AwN6eeaA2OE0si,2022-08-12,0,True,0.942,157520,0.531,1,-7.51,1,0.215,0.00236,0.000109,0.0812,0.739,99.027,4,[]
666,Young Thug,Do U Love Me,2eUmy5aIwNwziFEwo9D0xK,Rap Stuff,08f5xejsuyok4wgEW2d9v1,2024-02-21,0,True,0.8,209573,0.607,8,-8.399,1,0.251,0.0134,0.0,0.257,0.713,101.925,4,[]
670,Young Thug,Hot (feat. Gunna),0in2iYJFCbt6e0QvG0Y5qo,Timeless Rap Hits,2Srs7wIPTQLuXByVUXGuBF,2024-10-05,1,True,0.855,193027,0.651,0,-8.044,0,0.234,0.0636,0.0,0.0772,0.559,111.992,4,['Gunna']
671,Young Thug,Best Friend,4PlCZfy9wATj6AROuZr20u,Hooping Tracks,21YfUcaKkBEFisRrvRw9q3,2024-02-15,0,True,0.959,213000,0.598,8,-5.534,1,0.0713,0.0358,0.0,0.358,0.408,127.028,4,[]
673,Young Thug,Hot,6K0xegJcY54tfFGG6D7z8Y,21st Century Hip Hop,1hMIFPe6xF3o31XHCXD3Pr,2023-05-26,0,True,0.855,193027,0.651,0,-8.044,0,0.234,0.0636,0.0,0.0772,0.559,111.992,4,['Gunna']
675,Young Thug,Oh U Went (feat. Drake),4JtOqxsHaRPNhb7FQwPJjT,Hype Gaming Summer Mix,1fhZPPrPgWkOSUUTTWqJhY,2024-08-01,0,True,0.808,185333,0.789,7,-5.88,0,0.236,0.0517,0.0,0.0819,0.465,136.004,4,['Drake']
676,Young Thug,Oh U Went (feat. Drake),7x64Zd7vtKgZOPpwuyblr2,woppenheimer new rap hits,03oS78V4bCKoS9r4bQUo9c,2023-08-28,0,True,0.808,185333,0.789,7,-5.88,0,0.236,0.0517,0.0,0.0819,0.465,136.01,4,['Drake']
677,Young Thug,Surf,1geEznZ8tyIJZLP7T9MjZB,Lil Rap Compilation - 2023,1lPCm7eEJ13wvAvynzr8dk,2023-11-10,1,False,0.935,184093,0.585,0,-7.539,1,0.214,0.099,0.0,0.0992,0.549,140.999,4,['Gunna']
678,Young Thug,Special,7xOIL2g3ucvoOBXbKT9jOj,Rap Rewind,64gCvCCgBE7VABhqDdrMFa,2024-03-27,0,True,0.918,263592,0.499,8,-5.985,1,0.155,0.0808,0.0,0.0988,0.309,140.072,4,"['Offset', 'Solo Lucci']"
680,Young Thug,Want Me Dead,3sjOzpDXM3xLla9OOhTgRm,Rap Addictive,7ikizfaOSpPkgGfT996AWZ,2023-10-13,0,True,0.833,194707,0.6,6,-8.287,0,0.375,0.204,0.0,0.147,0.491,133.22,4,['21 Savage']
681,Young Thug,Bubbly (feat. Drake & Travis Scott),20mrdDb9yXCOVuEUPu7EQL,ACT BAD,7vJyh0kjCCxxDhclIV1I6r,2024-09-11,1,True,0.91,165067,0.585,11,-7.572,0,0.257,0.0536,0.0,0.127,0.599,129.011,4,"['Drake', 'Travis Scott']"
683,Young Thug,Oh U Went (feat. Drake),5DVgTq7grLALdKlirftu5V,Successi 2023 - Solo Hits,1BhnkSp5noBNITg0eri3eS,2023-11-28,0,True,0.808,185333,0.789,7,-5.88,0,0.236,0.0517,0.0,0.0819,0.465,136.01,4,['Drake']
684,Young Thug,Money,4HAVMGB28AmLXLxKK1foSv,Hot Hip Hop 2020s,27mwsrp7xukJHxGuU3QDW3,2023-11-03,0,True,0.764,266400,0.701,8,-4.706,1,0.0394,0.0581,0.0,0.107,0.63,149.979,4,"['Juice WRLD', 'Nicki Minaj']"
686,Young Thug,Millions,5mGOYJKnuqZlA0tsPjhxj5,Best Rap Cutz of 2019,0uTaEx4colYEphmAH9OYWj,2022-04-15,0,True,0.942,157520,0.531,1,-7.51,1,0.215,0.00236,0.000109,0.0812,0.739,99.027,4,[]
688,Young Thug,Worth It,1hxs8KaCAAMOT4gCA6okwq,"Bike Tour - R&B, Rap and Soul",2Jtmiwx5ubYVrdbxxgXWpE,2024-08-23,0,True,0.609,186026,0.435,4,-9.191,0,0.134,0.0326,0.0,0.091,0.112,136.814,4,[]
689,Young Thug,Oh U Went (feat. Drake),4PKO34pa6XWEc9Y1LrJ7jq,Feliz Ao Nuevo,7uEn5nhAl5sdWUuLKu2Ix6,2023-11-07,0,True,0.808,185333,0.789,7,-5.88,0,0.236,0.0517,0.0,0.0819,0.465,136.01,4,['Drake']
690,Young Thug,Bad Bad Bad (feat. Lil Baby),7oto2O4snZtXQJxOsvQaae,ACT BAD,7vJyh0kjCCxxDhclIV1I6r,2024-09-11,1,True,0.974,149040,0.596,6,-8.888,1,0.184,0.0976,0.0,0.151,0.892,111.959,4,['Lil Baby']
691,Young Thug,With That,4B7YEgX2Y8iZaeO6DdONoa,Super - Hot Hip-Hop Tracks,3l5dVKbd9QYVGGmL6Nn14z,2022-07-29,0,True,0.751,202533,0.597,9,-6.59,0,0.125,0.0659,0.0,0.0881,0.159,123.997,4,['Duke']
692,Young Thug,Oh U Went - (feat. Drake),511WCgA83sVAnJsYbRNs3d,This is Rap - 2024 - RAP,31b3k6DhzCj2FRaxGPgImZ,2024-02-14,0,True,0.808,185333,0.789,7,-5.88,0,0.236,0.0517,0.0,0.0819,0.465,136.01,4,['Drake']
693,Young Thug,Hot,70EeX5qRebkLRAGBIw3rSF,2010's Hip-Hop,67NjUgCnSix5C8kSWTi7Z2,2022-03-04,0,True,0.855,193027,0.651,0,-8.044,0,0.234,0.0636,0.0,0.0772,0.559,111.992,4,['Gunna']
694,Young Thug,From a Man,0mJ1ePrjmKVRNXI2vscUSs,Rap: The New Mode,7aQsI7Mt3ZFNBzyJfEwaWk,2024-01-12,0,True,0.542,207133,0.695,11,-6.539,0,0.183,0.0111,0.0,0.114,0.306,70.934,1,[]
696,Young Thug,Millions,3x6sALRG2gusowucjwkJJ9,24/7 Rap,6PeTbhNgETITpqV8CATEIr,2022-08-12,0,True,0.942,157520,0.531,1,-7.51,1,0.215,0.00236,0.000109,0.0812,0.739,99.027,4,[]
698,Young Thug,Millions,1QGNVOheQC7PqBb3OZP6IV,Rap Hits,52gCXJDQvtPqnD84IoFFoI,2022-07-15,0,True,0.942,157520,0.531,1,-7.51,1,0.215,0.00236,0.000109,0.0812,0.739,99.027,4,[]
700,Young Thug,Oh U Went (feat. Drake),5zZKInnNy1gEDET7NZaV94,Feel the Vibe,6uygfs1mO3ucFGM1zGn0KK,2023-10-26,0,True,0.808,185333,0.789,7,-5.88,0,0.236,0.0517,0.0,0.0819,0.465,136.01,4,['Drake']
704,Young Thug,Hot,14TLCbZcgWMCUPNBV1yk14,Gaming Top Tracks,4e3wnFD1nENYwsth22oWdS,2022-01-28,0,True,0.855,193027,0.651,0,-8.044,0,0.234,0.0636,0.0,0.0772,0.559,111.992,4,['Gunna']
705,Young Thug,Best Friend,1aHN25EafRDEU7zUaaD4fH,Timeless Rap Hits,2Srs7wIPTQLuXByVUXGuBF,2024-10-05,2,True,0.959,213000,0.598,8,-5.534,1,0.0713,0.0358,0.0,0.358,0.408,127.028,4,[]
706,Young Thug,Hot,5zwvk4eJanRESPuQBFLMG5,Murder On My Mind - Hip Hop Favourites,6gYwkTNNWnoT6MtklWVbB1,2021-10-01,0,True,0.855,193027,0.651,0,-8.044,0,0.234,0.0636,0.0,0.0772,0.559,111.992,4,['Gunna']
707,Young Thug,Best Friend,2am7UFXFMudkXj6pelfASQ,Rap Time Capsule,7sdCj7nDu3O4DLFHEtdjgv,2023-12-23,0,True,0.959,213000,0.598,8,-5.534,1,0.0713,0.0358,0.0,0.358,0.408,127.028,4,[]
708,Young Thug,Oh U Went (feat. Drake),2boz5u7j9q8x89W9UXlH6q,Summer Pop Hits: July,1LUsofB7BaYgiBCHGK7PYp,2024-05-09,0,True,0.808,185333,0.789,7,-5.88,0,0.236,0.0517,0.0,0.0819,0.465,136.004,4,['Drake']
709,Young Thug,Best Friend,2DBD4H7kOqknSUhDN0bD9b,Homecoming '24,6Gke9sz3pQZ1mBCcUt8mdU,2024-08-23,0,True,0.959,213000,0.598,8,-5.534,1,0.0713,0.0358,0.0,0.358,0.408,127.028,4,[]
710,Young Thug,Cars Bring Me Out (feat. Future),6ClkhoOxEd9d2ZXMq7D3Tv,Oh U Went - Fresh Rap Shit,3VcZAmn12Mzjt3CMuX8jkX,2023-08-16,0,True,0.759,202933,0.741,10,-6.065,0,0.171,0.0192,0.0,0.145,0.69,100.054,4,['Future']
711,Young Thug,Best Friend,4ZabV46pVQQFm76IAgmupf,Trap Music,1SZUOupfNoor99qfy2n2HV,2022-07-29,0,True,0.959,213000,0.598,8,-5.534,1,0.0713,0.0358,0.0,0.358,0.408,127.028,4,[]
712,Young Thug,Oh U Went (feat. Drake),4K4Cl5thN92rVAoLyfkoGO,TikTok Rap & RnB Hits 2023,6E0vRbMQPoaStRHgatGUHk,2024-05-21,0,True,0.808,185333,0.789,7,-5.88,0,0.236,0.0517,0.0,0.0819,0.458,136.004,4,['Drake']
713,Young Thug,From a Man,1pCVNJwBa79YXtc8ZwGXXj,Rap Elite,4BsIMMl0TVmdNUSd8GxII4,2024-02-10,0,True,0.542,207133,0.695,11,-6.539,0,0.183,0.0111,0.0,0.114,0.306,70.934,1,[]
714,Young Thug,Oh U Went (feat. Drake),0svW7KjHQhVn1JPCl1Y5LU,Summer Driving,1MxaCH3TRZW0Mc7k0izXp7,2024-06-07,0,True,0.808,185333,0.789,7,-5.88,0,0.236,0.0517,0.0,0.0819,0.464,136.004,4,['Drake']
715,Young Thug,Cartier Gucci Scarf (feat. Lil Duke),5E6WBzYdbMCFYkHBPuLimV,Street Swagger,4WbaP1NvmyhP9XNffUMUv9,2024-09-12,1,False,0.946,198173,0.495,1,-7.291,0,0.0839,0.0391,2.02e-06,0.0709,0.169,128.027,4,['Lil Duke']
716,Young Thug,Millions,1frAQ28crwg3DqR6Yd8b8b,Going Bad - Hip Hop Originals,6sYIA2DZhnUjmhGVT9sj4y,2022-07-01,0,True,0.942,157520,0.531,1,-7.51,1,0.215,0.00236,0.000109,0.0812,0.739,99.027,4,[]
717,Young Thug,Oh U Went - (feat. Drake),04DDDNr5ak4LXdQF091RPi,Rap Rewind,64gCvCCgBE7VABhqDdrMFa,2024-03-27,0,True,0.808,185333,0.789,7,-5.88,0,0.236,0.0517,0.0,0.0819,0.465,136.01,4,['Drake']
718,Young Thug,Oh U Went (feat. Drake),1s87ocIAvrRVEaL6aNr7tq,Chill Night,5sW0HdXFfK2cRdO3FO5VKC,2023-11-11,0,True,0.808,185333,0.789,7,-5.88,0,0.236,0.0517,0.0,0.0819,0.465,136.01,4,['Drake']
720,Young Thug,Droppin Jewels,01X0IKaAzvMDvw8lkjZn9P,Top Rap Bangers,7GTxEYvjMxFUx1mgPxLm3Y,2024-04-16,0,False,0.708,218597,0.512,2,-10.029,0,0.448,0.446,0.0,0.0881,0.632,80.029,4,[]
722,Young Thug,Me or Us,2mlGXNsa9alGXwDb4fQApj,Sad Trap,2sy1bAc7Yo5FM0eQiRDUvO,2024-03-30,0,True,0.682,157880,0.251,5,-12.824,1,0.244,0.664,1.07e-05,0.144,0.419,80.044,4,[]
723,Young Thug,Livin It Up,0HdjREws6bnpAPHyCQFacW,Party Songs Everyone Loves,3S9OAo8q8EhYm6VH5gyn1u,2024-05-18,0,True,0.767,210907,0.313,7,-12.059,1,0.0798,0.838,0.0,0.105,0.765,82.582,4,"['Post Malone', 'A$AP Rocky']"
724,Young Thug,Hot (feat. Gunna),6QMV62sTvWpZdShq0pzoCS,Gaming Tracks,2UWSTltFAL0HltPzR4N6iw,2024-03-13,0,True,0.855,193027,0.651,0,-8.044,0,0.234,0.0636,0.0,0.0772,0.559,111.992,4,['Gunna']
725,Young Thug,Oh U Went (feat. Drake),1mqIyfNNcafRYzqoyekV04,Chill Rap & R'n B,69N89FFvkfnisWCEEduse8,2024-09-05,0,True,0.808,185333,0.789,7,-5.88,0,0.236,0.0517,0.0,0.0819,0.465,136.004,4,['Drake']
726,Young Thug,Bad Bad Bad (feat. Lil Baby),7zNAMPjqjtCfLhSSoexEmD,Musica da gamer,2FaIIvYCQiCebvUAnMZdA1,2024-08-03,0,True,0.974,149040,0.596,6,-8.888,1,0.184,0.0976,0.0,0.151,0.892,111.959,4,['Lil Baby']
728,Young Thug,Best Friend,0unhfymp14sAw7kwsYI1AS,Tra-P,6lktayQehjmply9mwNSQDt,2023-09-08,0,True,0.959,213000,0.598,8,-5.534,1,0.0713,0.0358,0.0,0.358,0.408,127.028,4,[]
729,Young Thug,Oh U Went (feat. Drake),6xr1gAYO2PZKuDflx2HtxP,"Rap, Trap & Hip Hop - 2024",5CT1NGUaX5wupl5QeiTPwH,2023-11-25,1,True,0.808,185333,0.789,7,-5.88,0,0.236,0.0517,0.0,0.0819,0.465,136.01,4,['Drake']
730,Young Thug,Hot (feat. Gunna),1hjITuShoWD9TNQ9GAADQf,Rap Rewind,64gCvCCgBE7VABhqDdrMFa,2024-03-27,0,True,0.855,193027,0.651,0,-8.044,0,0.234,0.0636,0.0,0.0772,0.559,111.992,4,['Gunna']
731,Young Thug,Oh U Went (feat. Drake),1m2rapYpAhtjmgwyTVByNm,Day drinking on the block,1L2nkCulP9RI2UBAmVpOkF,2024-07-12,0,True,0.808,185333,0.789,7,-5.88,0,0.236,0.0517,0.0,0.0819,0.465,136.004,4,['Drake']
734,Young Thug,Ecstasy,0Q5UrkKDp4AyC2WlnAbhqH,Rap Report,3mNMpCqkUgl9XkqTVPB2bp,2023-10-13,3,False,0.81,178240,0.69,1,-6.758,1,0.116,0.000382,0.0,0.181,0.606,162.959,4,['mgk']
735,Young Thug,Circle of Bosses,1ZlWz4UavYB4Ou1J4P9ndk,Young Rap,61MeIk66M0faI3jKCN5p9z,2024-01-26,0,False,0.885,179467,0.49,9,-7.448,0,0.322,0.00886,0.0,0.354,0.461,75.012,4,['Quavo']
736,Young Thug,Wyclef Jean,7475OVsJ0xQiwXogmrWpqm,New Era of Rap,0iSN9ZlOtLkCYXf5za9Amb,2024-03-05,0,True,0.863,236293,0.576,5,-5.686,0,0.239,0.125,0.0,0.143,0.834,132.052,4,[]
737,Young Thug,Oh U Went (feat. Drake),76lGygrmywuBNRAmvIHxxM,2023 Hits,1bvanpC1bwOH9KFbNWw0hU,2024-05-18,0,True,0.808,185333,0.789,7,-5.88,0,0.236,0.0517,0.0,0.0819,0.465,136.004,4,['Drake']
739,Young Thug,Recognize Real,2R5AVtukMmC39SgGNDvOV3,simply rap,14XPAFtSrZzZBt7eD5hVOV,2023-12-21,0,True,0.508,171834,0.257,5,-14.564,1,0.0659,0.887,0.0,0.0984,0.638,82.881,4,['Gunna']
741,Young Thug,Chanel (Go Get It) [feat. Gunna & Lil Baby],6ERGpYSwOC9H5D7w3O2ldW,"summer's out, school's in",0l4TgLeWet2NfiE1Nspuh1,2024-08-17,0,True,0.938,201707,0.5,4,-10.08,0,0.146,0.00186,0.0,0.077,0.455,140.013,4,"['Young Stoner Life', 'Gunna', 'Lil Baby']"
743,Young Thug,Oh U Went (feat. Drake),7kPS4B3XCwEwxvfQARLZcX,back to school tracks,4DmOnnUwYPqhI0Z1XB7A5m,2024-09-17,0,True,0.808,185333,0.789,7,-5.88,0,0.236,0.0517,0.0,0.0819,0.465,136.004,4,['Drake']
744,Young Thug,Livin It Up,4d4aKDqxTVKPqvaLipkgej,Sunset Summer Pop,2GFEDTQNiZqUHNn8oNQSTF,2024-04-25,0,True,0.767,210907,0.313,7,-12.059,1,0.0798,0.838,0.0,0.105,0.765,82.582,4,"['Post Malone', 'A$AP Rocky']"
745,Young Thug,Oh U Went (feat. Drake),3MboRzxVwc7jiQa2T3SXkZ,Lo Key Rap,2i1rsYEIMFvBctTRTXr7Mn,2024-08-23,0,True,0.808,185333,0.789,7,-5.88,0,0.236,0.0517,0.0,0.0819,0.455,136.004,4,['Drake']
747,Young Thug,Oh U Went (feat. Drake),26C3RdYUEu5MRwmb0xV4Ve,2023 R&B,1zSgfRFsORF1mzawTebE5d,2023-09-30,0,True,0.808,185333,0.789,7,-5.88,0,0.236,0.0517,0.0,0.0819,0.465,136.01,4,['Drake']
748,Young Thug,Oh U Went (feat. Drake),4wyd0kskPqOQqSWiXy2OZr,Summer Road Trip '24,6abpAaV7mocmrPUcbSPnT7,2024-06-14,0,True,0.808,185333,0.789,7,-5.88,0,0.236,0.0517,0.0,0.0819,0.465,136.004,4,['Drake']
749,Young Thug,Oh U Went (feat. Drake),49HRwZJf9VtdibmjI7JYHt,50 Jahre Hip Hop,5yUd4OffeqhQzfAV6Rd6Qi,2023-09-19,1,True,0.808,185333,0.789,7,-5.88,0,0.236,0.0517,0.0,0.0819,0.465,136.01,4,['Drake']
750,Young Thug,Fifth Day Dead,2dAPWQai9Qd49e7j2K4Fxi,Rap Rhymes,4JIQq4U3I4PyPdhLwagPxK,2023-11-10,0,False,0.676,150236,0.385,2,-13.472,1,0.304,0.219,0.0,0.102,0.189,89.879,4,[]
751,Young Thug,Fifth Day Dead,78kW3Qonzzrno8qxRO9om1,Put your lovin' on me,6PbbJFVbsCipVuR4EcNZTp,2024-01-18,0,True,0.692,150236,0.365,2,-13.474,1,0.438,0.263,0.0,0.097,0.199,179.922,4,[]
752,Young Thug,From a Man,3Wfxm07hRnB1wTCaTL3FjX,Rap Trends 2024,4l9ENozfhdrZFcxszRfpny,2024-01-31,0,True,0.542,207133,0.695,11,-6.539,0,0.183,0.0111,0.0,0.114,0.306,70.934,1,[]
754,Young Thug,Sin,3TLQA5hrbwXmasCWVdxFYx,New Rap HITS 2023,4KRPNzz6RrRRQZNRuYSGhs,2023-07-21,0,True,0.889,202533,0.385,11,-11.767,0,0.165,0.00544,0.0,0.274,0.234,125.995,4,['Jaden Smith']
755,Young Thug,Oh U Went (feat. Drake),5U4x0gKMjjI47dqSBMiu7b,Hity 2024,0hp67tx9aS1BDh1SLiyW3B,2024-05-22,1,True,0.808,185333,0.789,7,-5.88,0,0.236,0.0517,0.0,0.0819,0.465,136.004,4,['Drake']
756,Young Thug,Oh U Went (feat. Drake),1jYtpCrJUgO1srahOpsY84,Rap Life,2ngiXPHxikgFBoYrNhSHgW,2023-12-22,0,True,0.808,185333,0.789,7,-5.88,0,0.236,0.0517,0.0,0.0819,0.465,136.01,4,['Drake']
757,Young Thug,Best Friend,5VM0IsizUSj8jGibDl0Tjt,Midwest and Southern Rap Classics,4itzM7zxTAj7J5Z2CT50G0,2024-02-28,0,True,0.959,213000,0.598,8,-5.534,1,0.0713,0.0358,0.0,0.358,0.408,127.028,4,[]
758,Young Thug,Hot (feat. Gunna),4HKumMuXXk8BZG2Pb8OCPo,Gym Workout Core Build 2024,3hTfRPAdByjYJyu2fO5ZUe,2024-01-12,0,True,0.855,193027,0.651,0,-8.044,0,0.234,0.0636,0.0,0.0772,0.559,111.992,4,['Gunna']
759,Young Thug,Oh U Went (feat. Drake),6phLw7zHlraCag28y1wYz1,it gets hot in the kitchen,4aNFzGht2zlJwbkwFsc4eV,2024-05-16,0,True,0.808,185333,0.789,7,-5.88,0,0.236,0.0517,0.0,0.0819,0.465,136.004,4,['Drake']
760,Young Thug,Oh U Went (feat. Drake),2pXX6Bwxxhim77ZkOm6ZSg,Rap & Run,43z8p0EiMA6I76SMRPz7tS,2023-09-15,0,True,0.808,185333,0.789,7,-5.88,0,0.236,0.0517,0.0,0.0819,0.465,136.01,4,['Drake']
761,Young Thug,Parade on Cleveland,0xbDfBA9IthHfv1YmD9M4R,It's cold and i'm sad,1GRZAteRVU6DiK4SoLi9Lg,2024-01-19,0,True,0.526,228267,0.283,3,-13.127,0,0.566,0.447,5.12e-06,0.111,0.354,165.991,1,['Drake']
763,Young Thug,Chanel (Go Get It) [feat. Gunna & Lil Baby],4CqutOTmkRvwHxFthYjK6j,yacht summer,1nAysXakm0yI3RpO2efZzi,2024-09-13,1,True,0.938,201707,0.5,4,-10.08,0,0.146,0.00186,0.0,0.077,0.455,140.013,4,"['Young Stoner Life', 'Gunna', 'Lil Baby']"
