artist_name,track_name,track_id,album_name,album_id,release_date,popularity,explicit,danceability,energy,key,loudness,mode,speechiness,acousticness,instrumentalness,liveness,valence,tempo,time_signature,featured_artists,type,duration,year,month,day_of_the_week
Young Thug,Check,1jk9c0gZI0wbn5GvAj7PBV,Barter 6,0BsMZIueWsJLWng8A7sE8e,2015-04-16,63,True,0.667,0.581,C,-5.164,Minor,0.323,0.0428,0.0,0.183,0.368,110.953,4,[],Commercial Mixtape,03:50,2015,April,Thursday
Young Thug,Hot (feat. Gunna),5Z8HZM6iQMhhqyPcCGY5g9,So Much Fun,1bnHPO4dKK7IjvgrtVBcQh,2019-08-16,65,True,0.855,0.651,C,-8.044,Minor,0.235,0.063,0.0,0.0772,0.559,111.997,4,['Gunna'],Studio Album,03:13,2019,August,Friday
Young Thug,Oh U Went (feat. Drake),7qLr3HMApUbyDkUvgIvHnB,BUSINESS IS BUSINESS,6qElaeK7SHsEzb8uV8eG3D,2023-06-23,65,True,0.808,0.789,G,-5.88,Minor,0.236,0.0517,0.0,0.0819,0.465,136.01,4,['Drake'],Studio Album,03:05,2023,June,Friday
Young Thug,Digits,4cg1yakyRSIOjxKM2I7J1q,Slime Season 3,2z4c8M8aVzl7CTobIp36KF,2016-03-25,66,True,0.769,0.632,A#/Bb,-4.228,Minor,0.0537,0.0325,0.0,0.116,0.294,131.932,4,[],Commercial Mixtape,02:56,2016,March,Friday
Young Thug,Money On The Dresser,0k88aN0xmk8Xn1zdnyTiPG,BUSINESS IS BUSINESS,6qElaeK7SHsEzb8uV8eG3D,2023-06-23,46,True,0.896,0.648,G#/Ab,-6.903,Major,0.267,0.000107,0.00826,0.105,0.441,159.982,4,[],Studio Album,02:13,2023,June,Friday
Young Thug,OD,7fheaybAcABeiuYU6VgDrQ,Barter 6,0BsMZIueWsJLWng8A7sE8e,2015-04-16,44,True,0.51,0.533,G,-6.194,Major,0.359,0.194,0.0,0.117,0.262,88.154,4,[],Commercial Mixtape,04:45,2015,April,Thursday
Young Thug,Numbers,1kWVgfctc2JUKCqlsZGWbU,Barter 6,0BsMZIueWsJLWng8A7sE8e,2015-04-16,46,True,0.656,0.606,C#/Db,-5.398,Major,0.283,0.134,0.0,0.0921,0.614,140.01,4,[],Commercial Mixtape,03:27,2015,April,Thursday
Young Thug,Scoliosis (with Lil Double 0),5vkrDTKB9xWraHlj0EY1pf,Punk,7IKkHmEk4It4cRdOYanyvW,2021-10-15,47,True,0.917,0.631,D,-6.817,Major,0.244,0.00365,0.0,0.35,0.493,129.965,4,['Lil Double 0'],Studio Album,02:50,2021,October,Friday
Young Thug,Stupid/Asking,5UZxoK9vuNm5uXzIpE4nC7,Punk,7IKkHmEk4It4cRdOYanyvW,2021-10-15,44,True,0.586,0.501,C#/Db,-11.193,Major,0.362,0.497,1.33e-06,0.372,0.473,109.482,5,[],Studio Album,05:33,2021,October,Friday
Young Thug,Worth It,5QCr1xFufKJOTkpcR9ih24,Slime Season 3,2z4c8M8aVzl7CTobIp36KF,2016-03-25,51,True,0.604,0.435,E,-9.191,Minor,0.135,0.0326,0.0,0.091,0.112,136.827,4,[],Commercial Mixtape,03:06,2016,March,Friday
Young Thug,Myself,7xPYUbsmB0jItocBfLjO1N,Slime Season 4,5Dwws0oO0fQLDsrwZE7rvW,2017-12-04,33,True,0.503,0.543,A#/Bb,-8.203,Minor,0.453,0.0124,0.0,0.0627,0.369,82.991,4,[],Commercial Mixtape,04:48,2017,December,Monday
Young Thug,Fifth Day Dead,5314IYHnvVMlWPpxolaOFu,Punk,7IKkHmEk4It4cRdOYanyvW,2021-10-15,44,True,0.692,0.365,D,-13.474,Major,0.438,0.263,0.0,0.097,0.199,179.922,4,[],Studio Album,02:30,2021,October,Friday
Young Thug,"Slime Shit (feat. Yak Gotti, Duke & Peewee Roscoe)",7iynYKl5NWdjM1FXTzs6hw,Slime Season 3,2z4c8M8aVzl7CTobIp36KF,2016-03-25,47,True,0.896,0.423,G#/Ab,-7.987,Major,0.44,0.02,0.0,0.182,0.282,132.928,4,"['Yak Gotti', 'Duke', 'PeeWee Roscoe']",Commercial Mixtape,04:38,2016,March,Friday
Young Thug,Die Today,0yZpMYvpqopK9adJrDT3S9,So Much Fun (Deluxe),24jAbLMFzCTlIv3kQ94HwK,2019-12-20,46,True,0.941,0.418,A#/Bb,-10.382,Minor,0.296,0.0121,0.0,0.126,0.518,135.001,4,[],Album Deluxe,03:00,2019,December,Friday
Young Thug,From A Man,3CUMd8XMv3LBSLrDrKoXQE,From A Man,3Ut8zKJlqFVRMqwcAww9bP,2023-10-13,48,True,0.542,0.695,B,-6.539,Minor,0.183,0.0111,0.0,0.114,0.306,70.934,1,[],Single,03:27,2023,October,Friday
Young Thug,"Guwop (feat. Quavo, Offset and Young Scooter)",1BSA5I386L2IAmFQURYjIz,JEFFERY,7EpUpNUkkEGnaCvkcn1j4H,2016-08-26,53,True,0.883,0.616,C,-7.218,Minor,0.274,0.014,1.48e-06,0.0967,0.482,141.969,4,"['Quavo', 'Offset', 'Young Scooter']",Commercial Mixtape,05:15,2016,August,Friday
Young Thug,RiRi,20rZiHL20MTJjfhLQZQsm4,JEFFERY,7EpUpNUkkEGnaCvkcn1j4H,2016-08-26,48,True,0.677,0.489,G#/Ab,-7.385,Major,0.277,0.0144,0.0,0.318,0.457,139.848,4,[],Commercial Mixtape,04:04,2016,August,Friday
Young Thug,Road Rage,4rMRWTyCqdXz4UD5RFGJoG,Punk,7IKkHmEk4It4cRdOYanyvW,2021-10-15,41,True,0.624,0.327,C#/Db,-14.902,Minor,0.892,0.0346,0.0,0.102,0.421,78.584,4,[],Studio Album,02:32,2021,October,Friday
Young Thug,Gangster Shit,4AwJDh8ErDvjeiswR41DKM,Gangster Shit,2DHzI9Jnhf4HDO7jprAgkA,2016-06-10,48,True,0.781,0.57,C#/Db,-5.555,Minor,0.296,0.117,0.0,0.112,0.354,173.991,4,[],Single,02:40,2016,June,Friday
Young Thug,Future Swag,1ckxFDBKrcepE6pDmayXzP,JEFFERY,7EpUpNUkkEGnaCvkcn1j4H,2016-08-26,48,True,0.674,0.664,A,-6.021,Major,0.0906,0.0107,0.0,0.275,0.451,154.039,4,[],Commercial Mixtape,02:45,2016,August,Friday
Young Thug,Jumped Out the Window,0o7Zga5TFy35CcivyPDO5m,So Much Fun,1bnHPO4dKK7IjvgrtVBcQh,2019-08-16,47,True,0.928,0.515,C#/Db,-8.306,Major,0.0859,0.00081,0.0,0.235,0.387,138.049,4,[],Studio Album,03:24,2019,August,Friday
Young Thug,Die Slow (with Strick),6wuGK7wlZFjX2NYmParJwl,Punk,7IKkHmEk4It4cRdOYanyvW,2021-10-15,46,True,0.558,0.211,A#/Bb,-14.575,Major,0.0453,0.799,0.000385,0.106,0.159,80.688,4,['Strick'],Studio Album,03:57,2021,October,Friday
Young Thug,Stoner,1jROHCeEzDr6VnV8EnBnik,Stoner,3mEM2ULIptDPwU07OLk1qy,2014-02-04,46,True,0.876,0.675,D#/Eb,-3.28,Minor,0.146,0.421,1.16e-06,0.0667,0.606,135.959,4,[],Single,04:00,2014,February,Tuesday
Young Thug,Hoodie (feat. BSlime & Lil Gotit),6tCmZiMZDwAYSfjnArGG48,BUSINESS IS BUSINESS,6qElaeK7SHsEzb8uV8eG3D,2023-06-23,43,True,0.506,0.598,C#/Db,-8.476,Major,0.415,0.000431,0.0,0.105,0.222,169.717,4,"['Bslime', 'Lil Gotit']",Studio Album,03:35,2023,June,Friday
Young Thug,Tattoos,1vbUiccx25u2ncTe4RujS2,Slime Season 3,2z4c8M8aVzl7CTobIp36KF,2016-03-25,45,True,0.822,0.685,C#/Db,-5.872,Minor,0.0837,0.0039,0.0,0.242,0.306,102.033,4,[],Commercial Mixtape,04:01,2016,March,Friday
Young Thug,Big Tipper (feat. Lil Keed),2ppp5hZ4TX9NlrycVEeH3l,So Much Fun (Deluxe),24jAbLMFzCTlIv3kQ94HwK,2019-12-20,38,True,0.898,0.589,D,-7.841,Major,0.27,0.000709,0.0,0.164,0.277,155.005,4,['Lil Keed'],Album Deluxe,03:43,2019,December,Friday
Young Thug,Cartier Gucci Scarf (feat. Lil Duke),3TWSar7EBNWZVeEWqDSjpw,So Much Fun,1bnHPO4dKK7IjvgrtVBcQh,2019-08-16,42,True,0.935,0.505,C#/Db,-7.155,Minor,0.0931,0.0508,0.0,0.0841,0.183,128.044,4,['Lil Duke'],Studio Album,03:18,2019,August,Friday
Young Thug,Drippin',0f85bMoarvHbdIcfhDjSjN,Slime Season 3,2z4c8M8aVzl7CTobIp36KF,2016-03-25,45,True,0.947,0.602,C,-7.275,Major,0.0744,0.0515,0.0,0.0921,0.347,103.961,4,[],Commercial Mixtape,03:06,2016,March,Friday
Young Thug,Jonesboro,3sSlrxRD9X1jYCzBtbbiwg,BUSINESS IS BUSINESS (Metro's Version),0z2a9VgdVmkr0DInVJUgu6,2023-06-26,42,True,0.682,0.635,G,-6.38,Major,0.244,0.514,3.27e-06,0.189,0.249,113.698,5,[],Album Deluxe,02:43,2023,June,Monday
Young Thug,I Bought Her (feat. Lil Duke),7HPUVxJdwGMujRmstBlvp7,So Much Fun,1bnHPO4dKK7IjvgrtVBcQh,2019-08-16,42,True,0.913,0.57,G,-7.886,Major,0.248,0.000462,0.0,0.063,0.607,136.079,4,['Lil Duke'],Studio Album,03:21,2019,August,Friday
Young Thug,Hercules,5MD2QLnFM2ChpKAh33z0zr,I'm Up,4sAB9WulPpnAcig7alDGTg,2016-02-05,50,True,0.742,0.559,F,-5.876,Major,0.141,0.0324,0.0,0.0987,0.431,146.923,4,[],Commercial Mixtape,04:40,2016,February,Friday
Young Thug,Abracadabra (feat. Travis Scott),4Zsi5pyvmZBxvRg0KeDFMC,BUSINESS IS BUSINESS,6qElaeK7SHsEzb8uV8eG3D,2023-06-23,51,True,0.65,0.565,G#/Ab,-6.597,Minor,0.225,0.0342,0.0,0.111,0.377,163.281,4,['Travis Scott'],Studio Album,04:07,2023,June,Friday
Young Thug,Tick Tock,3JXebpWufTcs8iegiRCBW7,Tick Tock,7K0mSkUKYnyrOQ4ko2fl7N,2021-08-20,44,True,0.944,0.693,B,-8.605,Minor,0.266,0.00789,0.0,0.164,0.626,134.061,4,[],Single,02:39,2021,August,Friday
Young Thug,Peepin Out The Window (with Future & Bslime),03kozlqpm5twrblZia0m9j,Punk,7IKkHmEk4It4cRdOYanyvW,2021-10-15,46,True,0.509,0.51,E,-9.522,Minor,0.425,0.176,0.0,0.223,0.22,82.407,4,"['Bslime', 'Future']",Studio Album,03:57,2021,October,Friday
Young Thug,Problem,1o5jdqnWybW9Mau4GDWPMa,Slime Season 3,2z4c8M8aVzl7CTobIp36KF,2016-03-25,48,True,0.872,0.639,G#/Ab,-5.658,Minor,0.103,0.125,0.0,0.144,0.469,111.968,4,[],Commercial Mixtape,04:01,2016,March,Friday
Young Thug,Surf (feat. Gunna),4bDucmQDna7svslTkXP0YR,So Much Fun (Deluxe),24jAbLMFzCTlIv3kQ94HwK,2019-12-20,41,True,0.93,0.561,C,-8.053,Major,0.25,0.101,0.0,0.0992,0.596,140.987,4,['Gunna'],Album Deluxe,03:04,2019,December,Friday
Young Thug,Want Me Dead (feat. 21 Savage),4r4rpFbzk8LDKosME0ZW1C,BUSINESS IS BUSINESS (Metro's Version),0z2a9VgdVmkr0DInVJUgu6,2023-06-26,42,True,0.833,0.6,F#/Gb,-8.287,Minor,0.375,0.204,0.0,0.147,0.491,133.22,4,['21 Savage'],Album Deluxe,03:14,2023,June,Monday
Young Thug,Faces,29GvhwlStyNr9BQTX4M9qx,Punk,7IKkHmEk4It4cRdOYanyvW,2021-10-15,40,True,0.557,0.488,C,-9.698,Major,0.382,0.0511,0.0,0.158,0.35,84.129,4,[],Studio Album,02:12,2021,October,Friday
Young Thug,Swizz Beatz,539wfGOsGcRmT1IBVUfiJV,JEFFERY,7EpUpNUkkEGnaCvkcn1j4H,2016-08-26,45,True,0.831,0.532,E,-7.047,Minor,0.338,0.245,0.000131,0.314,0.517,130.0,4,[],Commercial Mixtape,03:16,2016,August,Friday
Young Thug,Dome (feat. Duke),5kBmoWvzfQgpd1pVGwFwab,Barter 6,0BsMZIueWsJLWng8A7sE8e,2015-04-16,46,True,0.843,0.564,F,-6.004,Minor,0.242,0.0383,0.0,0.39,0.565,112.938,4,['Duke'],Commercial Mixtape,03:51,2015,April,Thursday
Young Thug,Sin (feat. Jaden Smith),1Jl21sidRpEdlVBvYbssLx,On the Run,6VCDStheOuhrQaoYbHP2iO,2018-09-24,50,True,0.889,0.385,B,-11.767,Minor,0.165,0.00544,0.0,0.274,0.235,125.995,4,['Jaden'],Extended Playlst (EP),03:22,2018,September,Monday
Young Thug,Cruise Ship,3C4FUqrrjuvWoHwsumWfIu,SUPER SLIMEY,187UNqZ7MX3neMYkkevmdm,2017-10-20,46,True,0.793,0.742,C,-6.185,Major,0.21,0.0107,0.0,0.119,0.21,150.076,4,[],Collaboration Album,02:46,2017,October,Friday
Young Thug,Me or Us,0JaN65P0DapRjboDEv2g08,Beautiful Thugger Girls,51KZKzPd3OQT1r46a55VTt,2017-06-16,43,True,0.682,0.251,F,-12.824,Major,0.244,0.664,1.06e-05,0.144,0.419,80.041,4,[],Commercial Mixtape,02:37,2017,June,Friday
Young Thug,Just How It Is,5OC4vQl6XKvsCzgrPwzY1q,So Much Fun (Deluxe),24jAbLMFzCTlIv3kQ94HwK,2019-12-20,41,True,0.611,0.539,G,-10.617,Major,0.411,0.0485,0.0,0.127,0.627,82.766,4,[],Album Deluxe,03:27,2019,December,Friday
Young Thug,Mad Dog,5vg13q0WVz8iamRtUjaVU0,BUSINESS IS BUSINESS,6qElaeK7SHsEzb8uV8eG3D,2023-06-23,44,True,0.648,0.5,F#/Gb,-6.263,Minor,0.198,0.0242,0.0,0.167,0.362,159.857,4,[],Studio Album,03:49,2023,June,Friday
Young Thug,Went Thru It,69eqSx7e4dIyEOhoPff0WS,BUSINESS IS BUSINESS (Metro's Version),0z2a9VgdVmkr0DInVJUgu6,2023-06-26,36,True,0.863,0.66,D,-7.016,Major,0.16,0.0312,6.08e-06,0.236,0.236,92.511,4,[],Album Deluxe,02:35,2023,June,Monday
Young Thug,Killed Before,0jPLBur1qXRfj3pbuJSX03,SUPER SLIMEY,187UNqZ7MX3neMYkkevmdm,2017-10-20,49,True,0.697,0.675,G,-4.688,Major,0.317,0.275,0.0,0.0767,0.292,158.133,4,[],Collaboration Album,03:40,2017,October,Friday
Young Thug,"Love You More (with Nate Ruess, Gunna & Jeff Bhasker)",4pUxYUHVKXWsgGhEhOu7R9,Punk,7IKkHmEk4It4cRdOYanyvW,2021-10-15,48,True,0.668,0.376,F#/Gb,-10.865,Major,0.0575,0.575,0.00111,0.103,0.246,137.981,4,"['Gunna', 'Jeff Bhasker', 'Nate Ruess']",Studio Album,03:41,2021,October,Friday
Young Thug,Cars Bring Me Out (feat. Future),0GY3LiAOOOYIIDv53TXbjR,BUSINESS IS BUSINESS (Metro's Version),0z2a9VgdVmkr0DInVJUgu6,2023-06-26,39,True,0.759,0.741,A#/Bb,-6.065,Minor,0.171,0.0192,0.0,0.145,0.69,100.054,4,['Future'],Album Deluxe,03:22,2023,June,Monday
Young Thug,Insure My Wrist (with Gunna),26PSkNzsEBx1BRRB4vY4n5,Punk,7IKkHmEk4It4cRdOYanyvW,2021-10-15,44,True,0.607,0.646,G#/Ab,-10.39,Minor,0.351,0.221,0.0,0.0744,0.547,86.009,4,['Gunna'],Studio Album,02:48,2021,October,Friday
Young Thug,Dream (feat. Yak Gotti),1SkR9g1l9NipSZhZPJsbOT,Barter 6,0BsMZIueWsJLWng8A7sE8e,2015-04-16,46,True,0.854,0.468,C#/Db,-6.506,Major,0.384,0.0448,0.0,0.165,0.223,140.096,4,['Yak Gotti'],Commercial Mixtape,03:01,2015,April,Thursday
Young Thug,You Said (feat. Quavo),1gUakci7HwPcImtp0i79N3,Beautiful Thugger Girls,51KZKzPd3OQT1r46a55VTt,2017-06-16,47,True,0.577,0.557,G#/Ab,-6.894,Major,0.114,0.147,0.0,0.21,0.177,119.977,4,['Quavo'],Commercial Mixtape,06:42,2017,June,Friday
Young Thug,Oh U Went (feat. Drake),0AslrwYTun10F8W16o6LYd,BUSINESS IS BUSINESS,7CLo0dKR7Zk97M2TLO8mb8,2023-06-22,37,False,0.808,0.78,F,-5.909,Major,0.249,0.0469,0.0,0.102,0.488,136.038,4,['Drake'],Studio Album,03:05,2023,June,Thursday
Young Thug,Family Don't Matter (feat. Millie Go Lightly),445YTBOjx9kYThBepGA9au,Beautiful Thugger Girls,51KZKzPd3OQT1r46a55VTt,2017-06-16,47,True,0.63,0.436,G,-10.218,Major,0.433,0.172,0.0,0.429,0.691,145.066,4,['Millie Go Lightly'],Commercial Mixtape,04:55,2017,June,Friday
Young Thug,She Wanna Party (feat. Millie Go Lightly),3WL6yCfh0zw2MxVSWSe0G1,Beautiful Thugger Girls,51KZKzPd3OQT1r46a55VTt,2017-06-16,43,True,0.578,0.5,A#/Bb,-6.656,Minor,0.271,0.125,0.0,0.235,0.388,104.095,5,['Millie Go Lightly'],Commercial Mixtape,04:10,2017,June,Friday
Young Thug,King TROUP,6uJmfWyFMLGCjvvRF5mpG9,I'm Up,4sAB9WulPpnAcig7alDGTg,2016-02-05,48,True,0.641,0.564,E,-8.006,Minor,0.406,0.397,0.0,0.179,0.523,86.636,3,[],Commercial Mixtape,03:45,2016,February,Friday
Young Thug,Bad Bad Bad (feat. Lil Baby),3Ih7VhpeRyTIabBEGSCEW5,So Much Fun (Deluxe),24jAbLMFzCTlIv3kQ94HwK,2019-12-20,44,True,0.974,0.596,F#/Gb,-8.888,Major,0.184,0.0976,0.0,0.151,0.892,111.959,4,['Lil Baby'],Album Deluxe,02:29,2019,December,Friday
Young Thug,Oh U Went (feat. Drake),45QTjP8zsLtJ1a3lPa10U1,BUSINESS IS BUSINESS (Metro's Version),0z2a9VgdVmkr0DInVJUgu6,2023-06-26,42,True,0.808,0.789,G,-5.88,Minor,0.236,0.0517,0.0,0.0819,0.465,136.01,4,['Drake'],Album Deluxe,03:05,2023,June,Monday
Young Thug,Yea Yea Yea,4tiWuxeSX1GbeBPt8osI6Z,Punk,7IKkHmEk4It4cRdOYanyvW,2021-10-15,41,True,0.867,0.413,G,-8.487,Minor,0.465,0.353,0.0,0.117,0.54,98.035,4,[],Studio Album,02:24,2021,October,Friday
Young Thug,On the Run (feat. Offset),04yv0dtqVm9u745efIuxbZ,On the Run,6VCDStheOuhrQaoYbHP2iO,2018-09-24,44,True,0.964,0.529,C,-7.748,Major,0.187,0.00659,4.47e-06,0.0872,0.63,128.042,4,['Offset'],Extended Playlst (EP),04:23,2018,September,Monday
Young Thug,Amazing (feat. Jacquees),5mzmXn6NdCU9Gm6Q0rcBWT,Barter 6,0BsMZIueWsJLWng8A7sE8e,2015-04-16,41,True,0.595,0.503,A#/Bb,-8.691,Minor,0.609,0.461,0.0,0.0997,0.78,95.068,5,['Jacquees'],Commercial Mixtape,03:38,2015,April,Thursday
Young Thug,Do U Love Me,0whCNZKidgBNhuPW41vYpg,Beautiful Thugger Girls,51KZKzPd3OQT1r46a55VTt,2017-06-16,41,True,0.8,0.607,G#/Ab,-8.399,Major,0.251,0.0134,0.0,0.257,0.713,101.926,4,[],Commercial Mixtape,03:29,2017,June,Friday
Young Thug,Hoodie (feat. BSlime & Lil Gotit),5edae1tuaQswnqiXcUlWRO,BUSINESS IS BUSINESS (Metro's Version),0z2a9VgdVmkr0DInVJUgu6,2023-06-26,35,True,0.506,0.598,C#/Db,-8.476,Major,0.415,0.000431,0.0,0.105,0.222,169.717,4,"['Bslime', 'Lil Gotit']",Album Deluxe,03:35,2023,June,Monday
Young Thug,Webbie (feat. Duke),6pRkwu4Pt9d7Ki6g4ppOYj,JEFFERY,7EpUpNUkkEGnaCvkcn1j4H,2016-08-26,47,True,0.696,0.589,C#/Db,-7.033,Minor,0.295,0.123,0.0,0.134,0.273,78.52,4,['Duke'],Commercial Mixtape,03:55,2016,August,Friday
Young Thug,Light It Up,2G1O1E91aRpIX5r6ngW51V,So Much Fun (Deluxe),24jAbLMFzCTlIv3kQ94HwK,2019-12-20,41,True,0.953,0.515,A#/Bb,-8.546,Major,0.0846,0.00389,0.0,0.11,0.351,138.039,4,[],Album Deluxe,03:29,2019,December,Friday
Young Thug,Hate The Game,7xfueRdAGnr8pKEIhkGcc8,Punk,7IKkHmEk4It4cRdOYanyvW,2021-10-15,48,True,0.823,0.442,B,-11.129,Major,0.303,0.0655,2.25e-05,0.0966,0.546,157.929,4,[],Studio Album,02:44,2021,October,Friday
Young Thug,Can't Tell (feat. T.I. and Boosie BadAzz),4QfVMnOYuE5Ah7E4g1p6Bx,Barter 6,0BsMZIueWsJLWng8A7sE8e,2015-04-16,45,True,0.93,0.486,C#/Db,-6.361,Major,0.367,0.0303,0.0,0.0716,0.334,111.062,4,"['T.I.', 'Boosie Badazz']",Commercial Mixtape,06:08,2015,April,Thursday
Young Thug,Ecstasy (feat. Machine Gun Kelly),1yBbxDXEfr8boXM1ubvBHi,So Much Fun,1bnHPO4dKK7IjvgrtVBcQh,2019-08-16,46,True,0.826,0.691,C#/Db,-6.557,Major,0.129,0.000541,0.0,0.157,0.603,162.966,4,['mgk'],Studio Album,02:58,2019,August,Friday
Young Thug,Sake Of My Kids,54nCzj6TQ2tukxToVUJJp5,BUSINESS IS BUSINESS (Metro's Version),0z2a9VgdVmkr0DInVJUgu6,2023-06-26,39,True,0.943,0.406,C#/Db,-6.993,Minor,0.0768,0.025,0.0,0.251,0.166,124.998,4,[],Album Deluxe,03:58,2023,June,Monday
Young Thug,Up (feat. Lil Uzi Vert),7HvtrRyRYqSOhllmbIW1Kh,Hear No Evil,3tocsl73xCimRlSDuzFdG5,2018-04-13,39,True,0.852,0.617,C#/Db,-7.515,Minor,0.12,0.00154,6.48e-05,0.36,0.3,129.974,4,['Lil Uzi Vert'],Extended Playlst (EP),04:56,2018,April,Friday
Young Thug,You The One,0CUfi8Wr6BjnqaHZq2ttD1,Slime Season 4,5Dwws0oO0fQLDsrwZE7rvW,2017-12-04,34,True,0.719,0.717,C#/Db,-6.239,Minor,0.104,0.0386,0.0,0.25,0.357,139.887,4,[],Commercial Mixtape,03:18,2017,December,Monday
Young Thug,Stressed (with J. Cole & T-Shyne),0uqsdBw9KvD8jSWmfMmMAp,Punk,7IKkHmEk4It4cRdOYanyvW,2021-10-15,46,True,0.707,0.442,C,-10.395,Minor,0.339,0.0698,0.0,0.106,0.344,81.021,4,"['J. Cole', 'T-Shyne']",Studio Album,03:40,2021,October,Friday
Young Thug,Gucci Grocery Bag,02vvwHxBoZtnNDQFFE64NQ,BUSINESS IS BUSINESS,6qElaeK7SHsEzb8uV8eG3D,2023-06-23,42,True,0.908,0.487,C#/Db,-6.591,Major,0.158,0.00377,0.000165,0.0703,0.719,145.056,4,[],Studio Album,02:55,2023,June,Friday
Young Thug,Cartier Gucci Scarf (feat. Lil Duke),3J7mXGLaO87MFu42WAb66h,So Much Fun (Deluxe),24jAbLMFzCTlIv3kQ94HwK,2019-12-20,35,True,0.935,0.505,C#/Db,-7.155,Minor,0.0931,0.0508,0.0,0.0841,0.183,128.044,4,['Lil Duke'],Album Deluxe,03:18,2019,December,Friday
Young Thug,Mannequin Challenge (feat. Juice WRLD),4xzSmycmoheCQGJLvYtDFU,So Much Fun (Deluxe),24jAbLMFzCTlIv3kQ94HwK,2019-12-20,42,True,0.857,0.583,C#/Db,-7.466,Minor,0.086,0.0899,0.0,0.204,0.443,132.01,4,['Juice WRLD'],Album Deluxe,02:42,2019,December,Friday
Young Thug,Mad Dog,332TO0w5iJ8h4h55Qq5a0R,BUSINESS IS BUSINESS (Metro's Version),0z2a9VgdVmkr0DInVJUgu6,2023-06-26,38,True,0.648,0.5,F#/Gb,-6.263,Minor,0.198,0.0242,0.0,0.167,0.362,159.857,4,[],Album Deluxe,03:49,2023,June,Monday
Young Thug,Special (feat. Offset and Solo Lucci),1DAl49mec3YC7a3Yc86Gz2,I'm Up,4sAB9WulPpnAcig7alDGTg,2016-02-05,39,True,0.91,0.499,G#/Ab,-5.985,Major,0.157,0.0813,0.0,0.0988,0.316,140.012,4,"['Offset', 'Solo Lucci']",Commercial Mixtape,04:23,2016,February,Friday
Young Thug,Bubbly (with Drake & Travis Scott),3WU6TZLUeQOZS9Cjih3po5,Punk,4tYDU5yrBpOxg2hUuBOgBo,2021-10-14,32,False,0.905,0.575,B,-7.738,Minor,0.281,0.0487,0.0,0.128,0.535,129.03,4,"['Drake', 'Travis Scott']",Studio Album,02:45,2021,October,Thursday
Young Thug,I Bought Her (feat. Lil Duke),0yFy24V9CJhRa1z9obC7Ly,So Much Fun (Deluxe),24jAbLMFzCTlIv3kQ94HwK,2019-12-20,35,True,0.913,0.57,G,-7.886,Major,0.248,0.000462,0.0,0.063,0.607,136.079,4,['Lil Duke'],Album Deluxe,03:21,2019,December,Friday
Young Thug,Boy Back (feat. NAV),369g3Kv6MXsl0wn7PNtWvO,So Much Fun,1bnHPO4dKK7IjvgrtVBcQh,2019-08-16,42,True,0.777,0.573,A,-8.848,Minor,0.191,0.0415,0.0,0.365,0.387,143.017,4,['NAV'],Studio Album,03:22,2019,August,Friday
Young Thug,Jumped Out the Window,1t3RWEeRtnHCIpx8HYWqzS,So Much Fun (Deluxe),24jAbLMFzCTlIv3kQ94HwK,2019-12-20,38,True,0.928,0.515,C#/Db,-8.306,Major,0.0859,0.00081,0.0,0.235,0.387,138.049,4,[],Album Deluxe,03:24,2019,December,Friday
Young Thug,Hot (feat. Gunna),0SfyLjgqVjf7HlEqMdK1y4,So Much Fun (Deluxe),24jAbLMFzCTlIv3kQ94HwK,2019-12-20,37,True,0.855,0.651,C,-8.044,Minor,0.235,0.063,0.0,0.0772,0.559,111.997,4,['Gunna'],Album Deluxe,03:13,2019,December,Friday
Young Thug,Global Access (feat. Nate Ruess),79AzC6p5uKHZC4Rb7xrpR1,BUSINESS IS BUSINESS,6qElaeK7SHsEzb8uV8eG3D,2023-06-23,41,True,0.561,0.682,D,-8.765,Major,0.39,0.265,0.0,0.124,0.329,133.92,5,['Nate Ruess'],Studio Album,02:28,2023,June,Friday
Young Thug,It's A Slime (feat. Lil Uzi Vert),3HxYOwZZHZn5mC1drqPQqR,Slime Language,4OHfmMUq6xwCo8zfQuc9Rf,2018-08-17,41,True,0.863,0.464,C#/Db,-10.559,Major,0.346,0.00449,0.0,0.0938,0.566,75.5,4,"['Young Stoner Life', 'Lil Uzi Vert']",Compilation Album,02:22,2018,August,Friday
Young Thug,Money On The Dresser,4ds2Ed57KqkU9eg0Subk3c,BUSINESS IS BUSINESS (Metro's Version),0z2a9VgdVmkr0DInVJUgu6,2023-06-26,34,True,0.896,0.648,G#/Ab,-6.903,Major,0.267,0.000107,0.00826,0.105,0.441,159.982,4,[],Album Deluxe,02:13,2023,June,Monday
Young Thug,Lil Baby,7L5kgecwyLEhX27NZlVxiP,So Much Fun (Deluxe),24jAbLMFzCTlIv3kQ94HwK,2019-12-20,39,True,0.848,0.455,C#/Db,-9.568,Major,0.0746,0.00252,0.0,0.112,0.66,163.004,4,[],Album Deluxe,03:21,2019,December,Friday
Young Thug,Hellcat Kenny (feat. Lil Uzi Vert),3YbJ4wQ8I7rM9FsqkNp7sR,BUSINESS IS BUSINESS (Metro's Version),0z2a9VgdVmkr0DInVJUgu6,2023-06-26,37,True,0.932,0.503,G#/Ab,-9.351,Minor,0.294,0.0661,0.0,0.0856,0.686,140.096,4,['Lil Uzi Vert'],Album Deluxe,02:34,2023,June,Monday
Young Thug,Audemar (feat. Tracy T),0NoQpbfJ6n7KUY2YlZI1j6,Slime Language,4OHfmMUq6xwCo8zfQuc9Rf,2018-08-17,36,True,0.907,0.499,G#/Ab,-9.985,Major,0.256,0.0296,0.0,0.118,0.559,131.97,4,"['Young Stoner Life', 'Tracy T']",Compilation Album,03:27,2018,August,Friday
Young Thug,Bad Bad Bad (feat. Lil Baby),1vluh94VKBuOeGyXjeXHp1,So Much Fun,5AivpkHClIpmRxheNz1TzN,2019-08-15,35,False,0.974,0.625,F#/Gb,-8.981,Major,0.169,0.0984,0.0,0.175,0.878,111.963,4,['Lil Baby'],Studio Album,02:28,2019,August,Thursday
Young Thug,Oh Yeah,7FjxdLxJkOV5cHOrttx5Ft,Beautiful Thugger Girls,51KZKzPd3OQT1r46a55VTt,2017-06-16,40,True,0.555,0.418,B,-10.346,Minor,0.403,0.0905,0.0,0.177,0.248,106.285,4,[],Commercial Mixtape,03:49,2017,June,Friday
Young Thug,Parade on Cleveland (feat. Drake),0ySvHlwks7CO0HWjB5ZBOo,BUSINESS IS BUSINESS (Metro's Version),0z2a9VgdVmkr0DInVJUgu6,2023-06-26,38,True,0.526,0.283,D#/Eb,-13.127,Minor,0.566,0.447,5.12e-06,0.111,0.354,165.991,1,['Drake'],Album Deluxe,03:48,2023,June,Monday
Young Thug,"10,000 Slimes",31VfidluZ3h42PP4j71KRj,Young Martha,1uPwwIkzsCOanBsLExFitZ,2017-09-22,22,True,0.489,0.636,D#/Eb,-6.871,Minor,0.325,0.551,0.0,0.0987,0.412,145.941,4,"['Carnage', 'Young Stoner Life']",Extended Playlst (EP),04:42,2017,September,Friday
Young Thug,Ridin' (feat. Lil Durk),0sMZD2KXYkkR0xDZiBoI7g,I'm Up,4sAB9WulPpnAcig7alDGTg,2016-02-05,37,True,0.861,0.604,A,-9.071,Major,0.206,0.133,0.0,0.142,0.39,107.99,4,['Lil Durk'],Commercial Mixtape,04:08,2016,February,Friday
Young Thug,Homie (feat. Meek Mill),7x9UhVfr6ZLMyDCixHWjeN,Young Martha,1uPwwIkzsCOanBsLExFitZ,2017-09-22,25,True,0.472,0.583,D,-7.537,Major,0.261,0.0555,0.0,0.0413,0.443,97.023,3,"['Carnage', 'Young Stoner Life', 'Meek Mill']",Extended Playlst (EP),03:38,2017,September,Friday
Young Thug,Gucci Grocery Bag,1xE36EOBfgpajoGviOzhQi,BUSINESS IS BUSINESS (Metro's Version),0z2a9VgdVmkr0DInVJUgu6,2023-06-26,31,True,0.908,0.487,C#/Db,-6.591,Major,0.158,0.00377,0.000165,0.0703,0.719,145.056,4,[],Album Deluxe,02:55,2023,June,Monday
Young Thug,Get That Money,79dy9f8smYZ1doFbzel7Bi,Slime Season 4,5Dwws0oO0fQLDsrwZE7rvW,2017-12-04,33,True,0.659,0.45,G#/Ab,-8.294,Minor,0.343,0.197,0.0,0.108,0.504,139.885,4,[],Commercial Mixtape,03:07,2017,December,Monday
Young Thug,Tell Her Nothing,5NIFj42IEueGwtG3AfGbcI,Tell Her Nothing,23GqCmiLqpRumFdxcHJnp6,2014-11-19,35,True,0.849,0.662,E,-6.164,Minor,0.288,0.121,0.0,0.0658,0.531,124.011,4,[],Single,03:44,2014,November,Wednesday
Young Thug,Magnificent,0dEUayTz9vtOX45ItCv21B,Slime Season 4,5Dwws0oO0fQLDsrwZE7rvW,2017-12-04,27,True,0.787,0.478,A#/Bb,-10.486,Minor,0.375,0.032,5.54e-05,0.655,0.333,137.947,4,[],Commercial Mixtape,03:23,2017,December,Monday
Young Thug,Purpose,44nFWkSk0DiGZU2DdlGksi,Slime Season 4,5Dwws0oO0fQLDsrwZE7rvW,2017-12-04,32,True,0.729,0.468,C#/Db,-8.513,Minor,0.185,0.0391,0.0,0.277,0.366,139.994,4,[],Commercial Mixtape,02:38,2017,December,Monday
Young Thug,Pass Me The Lighter,4bSW4Z6avCXU2EZ8TAwqyS,Slime Season 4,5Dwws0oO0fQLDsrwZE7rvW,2017-12-04,30,True,0.843,0.47,C#/Db,-9.776,Major,0.27,0.0907,0.0,0.107,0.295,123.024,4,['MPA Duke'],Commercial Mixtape,03:38,2017,December,Monday
Young Thug,Till I Die,4SUvbvPqvl4ng9MxlLXdpT,Slime Season 4,5Dwws0oO0fQLDsrwZE7rvW,2017-12-04,31,True,0.591,0.48,C,-10.114,Major,0.295,0.0131,0.0,0.412,0.34,85.022,4,[],Commercial Mixtape,04:02,2017,December,Monday
Young Thug,Liger,5Nv3x5T9qpqD8KxskUFbkB,Young Martha,1uPwwIkzsCOanBsLExFitZ,2017-09-22,32,True,0.757,0.71,C#/Db,-5.283,Major,0.213,0.339,0.0,0.189,0.646,139.898,4,"['Carnage', 'Young Stoner Life']",Extended Playlst (EP),03:28,2017,September,Friday
Young Thug,Goin Up (feat. Lil Keed),2pOm7AA1mtZ1sAjfzUscvx,Slime Language,4OHfmMUq6xwCo8zfQuc9Rf,2018-08-17,31,True,0.701,0.572,C,-10.389,Major,0.509,0.0678,0.0,0.387,0.599,153.933,4,"['Young Stoner Life', 'Lil Keed']",Compilation Album,03:34,2018,August,Friday
Young Thug,U Ain't Slime Enough (feat. Karlae & Duke),34tMZsMP16tF90ajknBxyb,Slime Language,4OHfmMUq6xwCo8zfQuc9Rf,2018-08-17,29,True,0.715,0.507,F,-10.613,Minor,0.26,0.0348,0.0,0.112,0.409,152.957,4,"['Young Stoner Life', 'Duke', 'Karlae']",Compilation Album,04:14,2018,August,Friday
Young Thug,Icy Hot (with Doja Cat),3hluYfU25k6suH9WpaRsFm,Punk,7IKkHmEk4It4cRdOYanyvW,2021-10-15,38,True,0.908,0.543,C,-7.591,Major,0.209,0.0177,0.0,0.0883,0.617,143.947,4,['Doja Cat'],Studio Album,03:36,2021,October,Friday
Young Thug,STS (feat. Strick),2VypG9FeVsKkYyvsYG8PUU,Slime Language,4OHfmMUq6xwCo8zfQuc9Rf,2018-08-17,34,True,0.859,0.599,C,-10.546,Major,0.238,0.0224,0.0,0.279,0.539,140.066,4,"['Young Stoner Life', 'Strick']",Compilation Album,03:39,2018,August,Friday
Young Thug,Abracadabra (feat. Travis Scott),7GPI9g56brDQat3wHUG2E3,BUSINESS IS BUSINESS (Metro's Version),0z2a9VgdVmkr0DInVJUgu6,2023-06-26,37,True,0.65,0.565,G#/Ab,-6.597,Minor,0.225,0.0342,0.0,0.111,0.377,163.281,4,['Travis Scott'],Album Deluxe,04:07,2023,June,Monday
Young Thug,Surf (feat. Gunna),45psteAtfoH6lMVpNmaGTJ,So Much Fun,5AivpkHClIpmRxheNz1TzN,2019-08-15,20,False,0.935,0.585,C,-7.539,Major,0.214,0.099,0.0,0.0992,0.549,140.994,4,['Gunna'],Studio Album,03:04,2019,August,Thursday
Young Thug,I Know,71FYla0fmoZtWoXkAddbwB,I Came from Nothing 2,4k4w4MLXdY084qrbMGy9Sg,2011-12-20,22,True,0.513,0.79,F,-6.409,Minor,0.0811,0.404,0.0,0.289,0.341,80.403,4,[],Mixtape,02:59,2011,December,Tuesday
Young Thug,Homie (feat. Meek Mill),2jtyXJWIe9YFqqt6ZOeqw6,Homie (feat. Meek Mill),0zNMEquWgS6XW40d0ldqt6,2017-09-07,23,True,0.472,0.583,D,-7.537,Major,0.261,0.0555,0.0,0.0413,0.443,97.023,3,"['Carnage', 'Young Stoner Life', 'Meek Mill']",Single,03:38,2017,September,Thursday
Young Thug,Faces,2V9G86Ji36gYgCOGO7Ac0I,Punk,4tYDU5yrBpOxg2hUuBOgBo,2021-10-14,8,False,0.657,0.503,A,-9.732,Minor,0.369,0.0749,0.0,0.121,0.304,173.918,4,[],Studio Album,02:12,2021,October,Thursday
Young Thug,Because Of Me,4wfXGwwGkqhzuEDRCBTC5j,Slime Season 4,5Dwws0oO0fQLDsrwZE7rvW,2017-12-04,29,True,0.676,0.666,B,-6.705,Minor,0.228,0.0946,0.0,0.115,0.419,141.87,5,['Birdman'],Commercial Mixtape,03:50,2017,December,Monday
Young Thug,Boy Back (feat. NAV),0Dp2fhCbo5PRzjGW5N5tBm,So Much Fun (Deluxe),24jAbLMFzCTlIv3kQ94HwK,2019-12-20,33,True,0.777,0.573,A,-8.848,Minor,0.191,0.0415,0.0,0.365,0.387,143.017,4,['NAV'],Album Deluxe,03:22,2019,December,Friday
Young Thug,Who's on Top,3YhQTgPe5HK5n4nJescBwp,I Came from Nothing 2,4k4w4MLXdY084qrbMGy9Sg,2011-12-20,24,True,0.525,0.679,B,-5.97,Major,0.292,0.192,0.0,0.555,0.572,98.044,5,[],Mixtape,03:50,2011,December,Tuesday
Young Thug,Liger,0JHiunLNuecyqiKzL6nTOn,Liger,0lN7Tlk06p7LQdxGClsDnj,2017-09-21,27,True,0.757,0.71,C#/Db,-5.283,Major,0.213,0.339,0.0,0.189,0.646,139.898,4,"['Carnage', 'Young Stoner Life']",Single,03:28,2017,September,Thursday
Young Thug,Don't Call Me (feat. Shakka),0UuPvqKc9Xcjo37C5liY5B,Young Martha,1uPwwIkzsCOanBsLExFitZ,2017-09-22,29,True,0.752,0.65,F#/Gb,-6.555,Minor,0.0734,0.0409,5.64e-06,0.127,0.466,110.022,4,"['Carnage', 'Young Stoner Life', 'Shakka']",Extended Playlst (EP),03:56,2017,September,Friday
Young Thug,THUG (feat. Runts),54xaSQYEbzNfLQoXQzcVpF,1017 Thug,0ssPpXttlI7w2Z6CXiqWgR,2015-12-11,15,True,0.747,0.615,C,-6.777,Major,0.266,0.0533,0.0,0.313,0.213,137.964,4,['Runts'],Mixtape,04:14,2015,December,Friday
Young Thug,Ball (feat. OG Boo Dirty),0vqRG0UHCcyHigiaLCDJNw,1017 Thug,0ssPpXttlI7w2Z6CXiqWgR,2015-12-11,22,True,0.72,0.716,A,-9.148,Minor,0.396,0.0124,0.0,0.348,0.822,138.221,4,['OG Boo Dirty'],Mixtape,02:26,2015,December,Friday
Young Thug,Money (feat. Juice WRLD & Nicki Minaj),2g4bGXQqMwMDfzYLIPQiH5,BUSINESS IS BUSINESS (Metro's Version),1E7ibA3gXudpo1LBfzSRdh,2023-06-25,27,False,0.767,0.691,G#/Ab,-4.731,Major,0.041,0.0545,0.0,0.109,0.614,150.039,4,"['Juice WRLD', 'Nicki Minaj']",Album Deluxe,04:26,2023,June,Sunday
Young Thug,Real in My Veins (feat. T-Shyne),6yMU8B5bngQpBBcYaFWqBC,On the Run,6VCDStheOuhrQaoYbHP2iO,2018-09-24,32,True,0.635,0.632,F,-8.21,Minor,0.275,0.000185,0.0,0.0615,0.233,162.023,4,['T-Shyne'],Extended Playlst (EP),04:10,2018,September,Monday
Young Thug,Condo Music (feat. Wicced),7GdurizpDeZydmL5pXLMJu,1017 Thug,0ssPpXttlI7w2Z6CXiqWgR,2015-12-11,16,True,0.427,0.726,D#/Eb,-7.035,Minor,0.231,0.103,0.0,0.342,0.549,87.153,5,['Wicced'],Mixtape,03:11,2015,December,Friday
Young Thug,My Everything,1mYYKcpiFnoUwWuSGytnpf,I Came from Nothing 2,4k4w4MLXdY084qrbMGy9Sg,2011-12-20,25,True,0.762,0.834,G#/Ab,-5.973,Major,0.095,0.144,0.0,0.929,0.681,139.933,4,['Future'],Mixtape,04:13,2011,December,Tuesday
Young Thug,Up to Something,6UYK0GsMAVYahkd1ymBOEs,Up to Something,05FYRrxscCBj1C4MtOpK6U,2021-10-31,18,True,0.672,0.343,A#/Bb,-13.13,Minor,0.126,0.39,0.0,0.125,0.131,114.797,4,[],Single,02:47,2021,October,Sunday
Young Thug,Keep in Touch,1d0fw7g187GMnEZfE7AkCB,I Came from Nothing 2,4k4w4MLXdY084qrbMGy9Sg,2011-12-20,20,True,0.742,0.756,F,-6.424,Minor,0.225,0.0206,0.0,0.145,0.546,129.987,4,[],Mixtape,04:12,2011,December,Tuesday
Young Thug,Anybody (feat. Nicki Minaj),1ENV3FCYOTxnviLKYVhFOd,Anybody (feat. Nicki Minaj),2mokD1hK1M39O6mfqqMmN7,2018-07-25,24,False,0.899,0.467,B,-8.608,Minor,0.175,0.0407,2.8e-06,0.132,0.475,120.038,4,['Nicki Minaj'],Single,04:14,2018,July,Wednesday
Young Thug,Tick Tock,2e5UdW2KFm3PSc4rUBrd9i,Tick Tock,5cSDePm8sFcSRqzZNq7nyX,2021-08-19,21,False,0.947,0.678,B,-8.664,Minor,0.234,0.00923,0.0,0.153,0.621,134.033,4,[],Single,02:39,2021,August,Thursday
Young Thug,From A Man,7M3dwTlDdPkL7rl3lQDNQf,From A Man,7DhR55zzBamSKAZkJZ7G7B,2023-10-12,24,False,0.546,0.684,B,-6.479,Minor,0.188,0.00908,0.0,0.119,0.285,84.311,4,[],Single,03:27,2023,October,Thursday
Young Thug,Want Me Dead (feat. 21 Savage),4vqtQUDwWzkxevtz4Kz17d,BUSINESS IS BUSINESS,7CLo0dKR7Zk97M2TLO8mb8,2023-06-22,18,False,0.835,0.57,F#/Gb,-8.523,Minor,0.378,0.232,0.0,0.165,0.533,133.231,4,['21 Savage'],Studio Album,03:14,2023,June,Thursday
Young Thug,Sake Of My Kids,17ooiiAtRLDhGVNJ9UAkiZ,BUSINESS IS BUSINESS (Metro's Version),1E7ibA3gXudpo1LBfzSRdh,2023-06-25,19,False,0.951,0.404,C#/Db,-7.015,Minor,0.0658,0.03,0.0,0.195,0.165,124.974,4,[],Album Deluxe,03:58,2023,June,Sunday
Young Thug,Big Tipper (feat. Lil Keed),4vDMa3J8pVNxZEUFSmZTb1,So Much Fun,5AivpkHClIpmRxheNz1TzN,2019-08-15,12,False,0.887,0.57,D,-7.843,Major,0.219,0.000573,0.0,0.152,0.3,77.495,4,['Lil Keed'],Studio Album,03:43,2019,August,Thursday
Young Thug,Oooorrr,3PD2KvgTKspc3K44hxMWS8,I Came from Nothing 2,4k4w4MLXdY084qrbMGy9Sg,2011-12-20,18,True,0.714,0.764,A,-6.259,Minor,0.185,0.0166,0.0,0.381,0.589,147.065,4,"['Kumtie', 'Capokam']",Mixtape,04:07,2011,December,Tuesday
Young Thug,I'm fo Real,1XhVoHOwSYqdXhmOLkOojI,1017 Thug,0ssPpXttlI7w2Z6CXiqWgR,2015-12-11,18,True,0.567,0.601,C,-7.796,Major,0.109,0.28,0.0,0.456,0.673,132.992,4,[],Mixtape,03:06,2015,December,Friday
Young Thug,Uncle M,12W6EfKhq8rzCUQxgbr6ev,BUSINESS IS BUSINESS,7CLo0dKR7Zk97M2TLO8mb8,2023-06-22,15,False,0.708,0.619,A,-6.751,Major,0.0671,0.0127,0.0,0.208,0.296,142.078,4,[],Studio Album,02:20,2023,June,Thursday
Young Thug,Picacho (feat. Maceo),0oLIGshQFiUzkWkVheQ6Ln,1017 Thug,0ssPpXttlI7w2Z6CXiqWgR,2015-12-11,18,True,0.734,0.733,C,-7.129,Major,0.415,0.0471,0.0,0.186,0.698,136.146,4,['Maceo'],Mixtape,04:13,2015,December,Friday
Young Thug,Keep Going,15DdtDJV1IzHWMzJ6M42D3,I Came from Nothing 2,4k4w4MLXdY084qrbMGy9Sg,2011-12-20,21,True,0.496,0.57,B,-6.601,Minor,0.24,0.105,0.0,0.133,0.495,133.102,4,[],Mixtape,03:49,2011,December,Tuesday
Young Thug,Trigger Finger,3OsT8Bsw4IDtqH2ID5eRlj,1017 Thug,0ssPpXttlI7w2Z6CXiqWgR,2015-12-11,15,True,0.779,0.576,F,-11.296,Minor,0.278,0.0191,0.0,0.394,0.71,136.976,4,[],Mixtape,03:07,2015,December,Friday
Young Thug,Pacifier,718RLkg7DT1sekn1Xwm1WY,Pacifier,2ZsLZHZmUftfqoVzNBK6kj,2015-07-17,25,True,0.766,0.82,D,-5.851,Major,0.124,0.0469,0.0,0.336,0.376,117.012,4,[],Single,03:57,2015,July,Friday
Young Thug,Murder,3W0hhHVDX1mVs6ON9Sjxj6,1017 Thug,0ssPpXttlI7w2Z6CXiqWgR,2015-12-11,17,True,0.645,0.539,A,-11.121,Minor,0.233,0.0035,0.0,0.815,0.375,66.501,4,[],Mixtape,03:07,2015,December,Friday
Young Thug,Scared of You,43X4dZ74fj8qjpX3DsaYf9,1017 Thug,0ssPpXttlI7w2Z6CXiqWgR,2015-12-11,20,True,0.685,0.54,C#/Db,-9.692,Major,0.183,0.00693,0.0,0.808,0.144,141.053,4,[],Mixtape,02:57,2015,December,Friday
Young Thug,Oh U Went (feat. Drake),2DRZ6kcHn0BBJqGdFpGj9V,BUSINESS IS BUSINESS (Metro's Version),1E7ibA3gXudpo1LBfzSRdh,2023-06-25,18,False,0.808,0.78,F,-5.909,Major,0.249,0.0469,0.0,0.102,0.488,136.038,4,['Drake'],Album Deluxe,03:05,2023,June,Sunday
Young Thug,"Yeah, Yeah (feat. OG Boo Dirty & Heavy)",5cMxGBSbQjm2mk0XBbmwR0,1017 Thug,0ssPpXttlI7w2Z6CXiqWgR,2015-12-11,21,True,0.703,0.573,E,-10.413,Minor,0.415,0.0352,0.0,0.33,0.335,69.028,4,"['OG Boo Dirty', 'Heavy']",Mixtape,04:28,2015,December,Friday
Young Thug,Just How It Is,0yAV9MltdAnL8b3WoLNUu7,So Much Fun,5AivpkHClIpmRxheNz1TzN,2019-08-15,15,False,0.652,0.515,G,-10.756,Major,0.399,0.0347,0.0,0.12,0.566,83.056,4,[],Studio Album,03:27,2019,August,Thursday
Young Thug,Yea Yea Yea,6ZMPzFM5sZDomBF2148SYE,Punk,4tYDU5yrBpOxg2hUuBOgBo,2021-10-14,7,False,0.803,0.421,G,-8.539,Minor,0.425,0.314,0.0,0.0943,0.523,97.928,4,[],Studio Album,02:24,2021,October,Thursday
Young Thug,Recognize Real (with Gunna),0LRcWG44VIoj9WtnYjLEc4,Punk,4tYDU5yrBpOxg2hUuBOgBo,2021-10-14,12,False,0.435,0.232,F,-14.639,Major,0.0744,0.891,0.0,0.0984,0.652,169.844,4,['Gunna'],Studio Album,02:51,2021,October,Thursday
Young Thug,Light It Up,54fWDzHzlblC25yAhZ47Xn,So Much Fun,5AivpkHClIpmRxheNz1TzN,2019-08-15,16,False,0.951,0.515,A#/Bb,-8.543,Major,0.0847,0.0038,0.0,0.113,0.326,138.025,4,[],Studio Album,03:29,2019,August,Thursday
Young Thug,Abracadabra (feat. Travis Scott),546r4eOhype769I4vujYvT,BUSINESS IS BUSINESS,7CLo0dKR7Zk97M2TLO8mb8,2023-06-22,20,False,0.657,0.556,G#/Ab,-6.703,Minor,0.217,0.0392,0.0,0.115,0.407,163.185,4,['Travis Scott'],Studio Album,04:07,2023,June,Thursday
Young Thug,Jungle (feat. Gucci Mane),2o5VOeiyQkj5maU6VFu4kc,1017 Thug,0ssPpXttlI7w2Z6CXiqWgR,2015-12-11,21,True,0.613,0.638,A#/Bb,-9.73,Minor,0.417,0.0994,0.0,0.171,0.502,137.044,4,['Gucci Mane'],Mixtape,02:27,2015,December,Friday
Young Thug,Went Thru It,2KK9lirGhkvZfgvYFGioq3,BUSINESS IS BUSINESS,7CLo0dKR7Zk97M2TLO8mb8,2023-06-22,16,False,0.853,0.684,D,-7.058,Major,0.152,0.0348,1.7e-05,0.238,0.254,92.504,4,[],Studio Album,02:35,2023,June,Thursday
Young Thug,Jonesboro,2cgswl9vfrNUSyWnetyvDx,BUSINESS IS BUSINESS (Metro's Version),1E7ibA3gXudpo1LBfzSRdh,2023-06-25,13,False,0.552,0.642,A,-6.489,Minor,0.287,0.504,2.23e-05,0.188,0.258,169.87,4,[],Album Deluxe,02:43,2023,June,Sunday
Young Thug,Jonesboro,4Q55rYBlffYCeThCXoYKER,BUSINESS IS BUSINESS,7CLo0dKR7Zk97M2TLO8mb8,2023-06-22,14,False,0.552,0.642,A,-6.489,Minor,0.287,0.504,2.23e-05,0.188,0.258,169.87,4,[],Studio Album,02:43,2023,June,Thursday
Young Thug,Circle Of Bosses (feat. Quavo),0jN5qjB5lS8Rkgaw9AZu0C,So Much Fun,5AivpkHClIpmRxheNz1TzN,2019-08-15,14,False,0.885,0.49,A,-7.448,Minor,0.322,0.00886,0.0,0.354,0.461,75.012,4,['Quavo'],Studio Album,02:59,2019,August,Thursday
Young Thug,Jumped Out The Window,4GYHUJ3noUIFIBmi0uubeU,So Much Fun,5AivpkHClIpmRxheNz1TzN,2019-08-15,12,False,0.927,0.53,C#/Db,-8.36,Major,0.0851,0.000828,0.0,0.221,0.398,138.099,4,[],Studio Album,03:24,2019,August,Thursday
Young Thug,Stoner,6qf3fxRKqTXjEgmtCXwn73,Stoner,48E4BKGaAmdtkKctH0L339,2014-02-04,26,False,0.879,0.683,D#/Eb,-3.298,Minor,0.168,0.387,1.45e-06,0.0628,0.585,135.959,4,[],Single,04:00,2014,February,Tuesday
Young Thug,I Bought Her (feat. Lil Duke),4qDsOcycjTdL5eksGpLUNU,So Much Fun,5AivpkHClIpmRxheNz1TzN,2019-08-15,9,False,0.9,0.562,G,-7.938,Major,0.227,0.000473,0.0,0.0633,0.624,136.08,4,['Lil Duke'],Studio Album,03:21,2019,August,Thursday
Young Thug,Curtains,32w14bKcCegHTa8ThmgMoM,I Came from Nothing 2,4k4w4MLXdY084qrbMGy9Sg,2011-12-20,15,True,0.443,0.604,C,-6.928,Major,0.227,0.374,0.0,0.415,0.675,107.368,5,[],Mixtape,03:40,2011,December,Tuesday
Young Thug,Peepin Out The Window (with Future & Bslime),0AkI0KKi2cSfIKGyMMu7iZ,Punk,4tYDU5yrBpOxg2hUuBOgBo,2021-10-14,13,False,0.668,0.515,E,-9.494,Minor,0.362,0.183,0.0,0.222,0.211,84.7,4,"['Bslime', 'Future']",Studio Album,03:57,2021,October,Thursday
Young Thug,Picture Baby,5frkhnuDWB7678XprVVhbV,1017 Thug,0ssPpXttlI7w2Z6CXiqWgR,2015-12-11,16,True,0.829,0.663,F#/Gb,-8.69,Minor,0.47,0.141,0.0,0.353,0.711,129.883,4,[],Mixtape,03:12,2015,December,Friday
Young Thug,Patna Dem (feat. PeeWee Longway),3obLb2rhu8eZi84PCQloVI,1017 Thug,0ssPpXttlI7w2Z6CXiqWgR,2015-12-11,17,True,0.608,0.619,B,-9.77,Minor,0.321,0.0325,0.0,0.462,0.355,139.644,4,['Peewee Longway'],Mixtape,01:37,2015,December,Friday
Young Thug,Shooting Star (feat. Gucci Mane),7lxgKqQPNygmN4N3sZVvfh,1017 Thug,0ssPpXttlI7w2Z6CXiqWgR,2015-12-11,18,True,0.896,0.718,E,-7.941,Minor,0.115,0.138,0.0,0.431,0.804,120.016,4,['Gucci Mane'],Mixtape,04:20,2015,December,Friday
Young Thug,Road Rage,4hs4hDY1KtBXg7CBvPQJTq,Punk,4tYDU5yrBpOxg2hUuBOgBo,2021-10-14,8,False,0.601,0.327,C#/Db,-14.982,Minor,0.868,0.0368,0.0,0.102,0.376,76.456,4,[],Studio Album,02:32,2021,October,Thursday
Young Thug,Money On The Dresser,4PpGvI2XfjS8KOE34JURpQ,BUSINESS IS BUSINESS,7CLo0dKR7Zk97M2TLO8mb8,2023-06-22,12,False,0.888,0.665,G#/Ab,-6.933,Major,0.258,0.000109,0.025,0.105,0.448,160.015,4,[],Studio Album,02:13,2023,June,Thursday
Young Thug,Went Thru It,6Z0WCKctbLBuzbu7TbTXwj,BUSINESS IS BUSINESS (Metro's Version),1E7ibA3gXudpo1LBfzSRdh,2023-06-25,10,False,0.853,0.684,D,-7.058,Major,0.152,0.0348,1.7e-05,0.238,0.254,92.504,4,[],Album Deluxe,02:35,2023,June,Sunday
Young Thug,Stupid/Asking,1OalHHaTUVtvaTj3emnJf6,Punk,4tYDU5yrBpOxg2hUuBOgBo,2021-10-14,11,False,0.534,0.466,C#/Db,-11.578,Major,0.401,0.479,1.27e-06,0.418,0.507,156.042,4,[],Studio Album,05:33,2021,October,Thursday
Young Thug,Cars Bring Me Out (feat. Future),6dWmq5ajzRYRlPmGs7gSsv,BUSINESS IS BUSINESS (Metro's Version),1E7ibA3gXudpo1LBfzSRdh,2023-06-25,10,False,0.739,0.73,A#/Bb,-6.049,Minor,0.232,0.0195,0.0,0.12,0.671,100.093,4,['Future'],Album Deluxe,03:22,2023,June,Sunday
Young Thug,"Love You More (with Nate Ruess, Gunna & Jeff Bhasker)",625yYoyLPgkeZmA9NTlS76,Punk,4tYDU5yrBpOxg2hUuBOgBo,2021-10-14,19,False,0.676,0.377,F#/Gb,-10.735,Major,0.0463,0.598,0.00299,0.18,0.263,137.996,4,"['Gunna', 'Jeff Bhasker', 'Nate Ruess']",Studio Album,03:41,2021,October,Thursday
Young Thug,Uncle M,3iIL3u4SViZsQfl32F5ceM,BUSINESS IS BUSINESS (Metro's Version),1E7ibA3gXudpo1LBfzSRdh,2023-06-25,9,False,0.708,0.619,A,-6.751,Major,0.0671,0.0127,0.0,0.208,0.296,142.078,4,[],Album Deluxe,02:20,2023,June,Sunday
Young Thug,Cartier Gucci Scarf (feat. Lil Duke),0Fvh4oaJoEL8voplz5u7Gi,So Much Fun,5AivpkHClIpmRxheNz1TzN,2019-08-15,7,False,0.946,0.495,C#/Db,-7.291,Minor,0.0838,0.0391,2.07e-06,0.0709,0.169,128.027,4,['Lil Duke'],Studio Album,03:18,2019,August,Thursday
Young Thug,Hoodie (feat. BSlime & Lil Gotit),3U5tLnh8PXHgSBK1eHUomH,BUSINESS IS BUSINESS,7CLo0dKR7Zk97M2TLO8mb8,2023-06-22,10,False,0.609,0.607,C#/Db,-8.498,Major,0.388,0.00041,0.0,0.103,0.224,84.33,4,"['Bslime', 'Lil Gotit']",Studio Album,03:35,2023,June,Thursday
Young Thug,Fuck My Tattoos,2UE3sGrt4tcgKy8Hbgu4Sw,I Came from Nothing 2,4k4w4MLXdY084qrbMGy9Sg,2011-12-20,17,True,0.73,0.49,G,-6.821,Major,0.0331,0.103,0.0,0.121,0.197,129.906,4,['Jose Guapo'],Mixtape,03:45,2011,December,Tuesday
Young Thug,But I Want,6ISVKd55z3xQic5mkSzUU0,I Came from Nothing 2,4k4w4MLXdY084qrbMGy9Sg,2011-12-20,18,True,0.565,0.729,F#/Gb,-8.285,Major,0.228,0.00386,0.0,0.167,0.476,136.17,4,[],Mixtape,03:24,2011,December,Tuesday
Young Thug,Go Harder Than Yall,21K4rWs8qmPH8HtOBc8K6v,I Came from Nothing 2,4k4w4MLXdY084qrbMGy9Sg,2011-12-20,16,True,0.595,0.579,B,-9.155,Major,0.0636,0.1,0.0,0.147,0.633,144.977,4,['YL Stunna'],Mixtape,02:52,2011,December,Tuesday
Young Thug,Tabernacle,6QXGepmAXY8l1wpjbCr64K,1017 Thug,0ssPpXttlI7w2Z6CXiqWgR,2015-12-11,16,True,0.608,0.527,F,-8.828,Minor,0.337,0.0923,0.0,0.314,0.683,144.811,4,[],Mixtape,02:56,2015,December,Friday
Young Thug,Pussy,4DMMT8s0KMXAH1eLZXwHIo,So Much Fun,5AivpkHClIpmRxheNz1TzN,2019-08-15,5,False,0.801,0.773,F,-7.851,Minor,0.181,0.000684,0.0581,0.191,0.617,74.988,4,[],Studio Album,02:21,2019,August,Thursday
Young Thug,Why Order,0S24xhWyD1nrTy8I6TnHmx,1017 Thug,0ssPpXttlI7w2Z6CXiqWgR,2015-12-11,13,True,0.936,0.501,G#/Ab,-6.941,Major,0.455,0.0117,0.0,0.191,0.175,121.0,4,[],Mixtape,03:18,2015,December,Friday
Young Thug,Die Slow (with Strick),2maU9fPdC2Y8AGNmW9s9CG,Punk,4tYDU5yrBpOxg2hUuBOgBo,2021-10-14,11,False,0.562,0.215,F,-14.342,Major,0.0458,0.802,0.00095,0.107,0.163,81.061,4,['Strick'],Studio Album,03:57,2021,October,Thursday
Young Thug,Hoodie (feat. BSlime & Lil Gotit),44tEwAteHntqatKn0iqMBC,BUSINESS IS BUSINESS (Metro's Version),1E7ibA3gXudpo1LBfzSRdh,2023-06-25,8,False,0.609,0.607,C#/Db,-8.498,Major,0.388,0.00041,0.0,0.103,0.224,84.33,4,"['Bslime', 'Lil Gotit']",Album Deluxe,03:35,2023,June,Sunday
Young Thug,Scoliosis (with Lil Double 0),2GIOa7L5v5ds9iA8pTUo85,Punk,4tYDU5yrBpOxg2hUuBOgBo,2021-10-14,11,False,0.928,0.603,D,-7.076,Major,0.239,0.00274,0.0,0.338,0.458,130.018,4,['Lil Double 0'],Studio Album,02:50,2021,October,Thursday
Young Thug,Insure My Wrist (with Gunna),7L19MgGyambk2jwXUtNfb4,Punk,4tYDU5yrBpOxg2hUuBOgBo,2021-10-14,14,False,0.599,0.644,G#/Ab,-10.47,Minor,0.349,0.203,0.0,0.0735,0.557,85.926,4,['Gunna'],Studio Album,02:48,2021,October,Thursday
Young Thug,Mad Dog,2c1mO8reMrbtddoGCyVyUY,BUSINESS IS BUSINESS,7CLo0dKR7Zk97M2TLO8mb8,2023-06-22,11,False,0.634,0.501,F#/Gb,-6.296,Minor,0.179,0.0207,0.0,0.153,0.349,159.93,4,[],Studio Album,03:49,2023,June,Thursday
Young Thug,They Killin Niggas,4PUMcoMOCNh2kTUT396TTt,I Came from Nothing 2,4k4w4MLXdY084qrbMGy9Sg,2011-12-20,14,True,0.715,0.66,B,-6.828,Major,0.275,0.013,0.0,0.125,0.702,102.934,5,['Buc Buc'],Mixtape,02:54,2011,December,Tuesday
Young Thug,The Plug,7pAQttYwzK1lREc2kypKW9,I Came from Nothing 2,4k4w4MLXdY084qrbMGy9Sg,2011-12-20,15,True,0.359,0.691,A#/Bb,-9.103,Minor,0.297,0.00875,0.0,0.565,0.39,144.772,4,[],Mixtape,02:58,2011,December,Tuesday
Young Thug,"Wit Da Racks (feat. 21 Savage, Travis Scott & Yak Gotti)",6zCRHr8L3iZVglqXSoqjTy,BUSINESS IS BUSINESS (Metro's Version),1E7ibA3gXudpo1LBfzSRdh,2023-06-25,14,False,0.767,0.7,E,-7.236,Minor,0.302,0.00328,0.0,0.232,0.384,145.065,4,"['Yak Gotti', 'Travis Scott', '21 Savage']",Album Deluxe,03:46,2023,June,Sunday
Young Thug,Parade on Cleveland (feat. Drake),5xwbAjEXCRBo8tc9hfZzlT,BUSINESS IS BUSINESS (Metro's Version),1E7ibA3gXudpo1LBfzSRdh,2023-06-25,14,False,0.524,0.279,D#/Eb,-13.152,Minor,0.505,0.463,1.23e-05,0.111,0.328,82.875,4,['Drake'],Album Deluxe,03:48,2023,June,Sunday
Young Thug,Abracadabra (feat. Travis Scott),2op6TUMgfYpRMhINIjHHtd,BUSINESS IS BUSINESS (Metro's Version),1E7ibA3gXudpo1LBfzSRdh,2023-06-25,13,False,0.657,0.556,G#/Ab,-6.703,Minor,0.217,0.0392,0.0,0.115,0.407,163.185,4,['Travis Scott'],Album Deluxe,04:07,2023,June,Sunday
Young Thug,Fuck 12,6MHdSoKZsTlGG4a10Bkxq3,I Came from Nothing 2,4k4w4MLXdY084qrbMGy9Sg,2011-12-20,14,True,0.72,0.717,B,-6.982,Major,0.212,0.081,0.0,0.136,0.427,140.029,4,"['MPA Duke', 'MPA Wicced']",Mixtape,04:34,2011,December,Tuesday
Young Thug,Icy Hot (with Doja Cat),1OjmkzkFNVzK4xJyFSYYNs,Punk,4tYDU5yrBpOxg2hUuBOgBo,2021-10-14,8,False,0.906,0.516,C,-7.785,Major,0.223,0.0162,0.0,0.088,0.598,143.973,4,['Doja Cat'],Studio Album,03:36,2021,October,Thursday
Young Thug,Global Access (feat. Nate Ruess),0mUcaUkwcC0bgFQTY21imA,BUSINESS IS BUSINESS,7CLo0dKR7Zk97M2TLO8mb8,2023-06-22,9,False,0.694,0.669,D,-8.87,Major,0.347,0.337,0.0,0.134,0.324,106.014,4,['Nate Ruess'],Studio Album,02:28,2023,June,Thursday
Young Thug,Money On The Dresser,54cYeTIWuGhRIdbYn3C3vi,BUSINESS IS BUSINESS (Metro's Version),1E7ibA3gXudpo1LBfzSRdh,2023-06-25,6,False,0.888,0.665,G#/Ab,-6.933,Major,0.258,0.000109,0.025,0.105,0.448,160.015,4,[],Album Deluxe,02:13,2023,June,Sunday
Young Thug,Icy Hot (with Doja Cat),1OjmkzkFNVzK4xJyFSYYNs,Punk,4tYDU5yrBpOxg2hUuBOgBo,2021-10-14,8,False,0.906,0.516,C,-7.785,Major,0.223,0.0162,0.0,0.088,0.598,143.973,4,['Doja Cat'],Studio Album,03:36,2021,October,Thursday
Young Thug,Global Access (feat. Nate Ruess),0mUcaUkwcC0bgFQTY21imA,BUSINESS IS BUSINESS,7CLo0dKR7Zk97M2TLO8mb8,2023-06-22,9,False,0.694,0.669,D,-8.87,Major,0.347,0.337,0.0,0.134,0.324,106.014,4,['Nate Ruess'],Studio Album,02:28,2023,June,Thursday
Young Thug,Money On The Dresser,54cYeTIWuGhRIdbYn3C3vi,BUSINESS IS BUSINESS (Metro's Version),1E7ibA3gXudpo1LBfzSRdh,2023-06-25,6,False,0.888,0.665,G#/Ab,-6.933,Major,0.258,0.000109,0.025,0.105,0.448,160.015,4,[],Album Deluxe,02:13,2023,June,Sunday
Young Thug,Mad Dog,3p7CAXZNBxO8OLkrEwQ24k,BUSINESS IS BUSINESS (Metro's Version),1E7ibA3gXudpo1LBfzSRdh,2023-06-25,8,False,0.634,0.501,F#/Gb,-6.296,Minor,0.179,0.0207,0.0,0.153,0.349,159.93,4,[],Album Deluxe,03:49,2023,June,Sunday
Young Thug,Fifth Day Dead,7oYLnpYhIB9ZFhvwmRsvgb,Punk,4tYDU5yrBpOxg2hUuBOgBo,2021-10-14,10,False,0.676,0.385,D,-13.472,Major,0.304,0.219,0.0,0.102,0.189,89.879,4,[],Studio Album,02:30,2021,October,Thursday
Young Thug,Hellcat Kenny (feat. Lil Uzi Vert),4cfKvtyBNVQI0bXuwSJHbG,BUSINESS IS BUSINESS (Metro's Version),1E7ibA3gXudpo1LBfzSRdh,2023-06-25,9,False,0.934,0.523,G#/Ab,-9.342,Minor,0.279,0.0534,2.72e-06,0.0803,0.732,140.122,4,['Lil Uzi Vert'],Album Deluxe,02:34,2023,June,Sunday
Young Thug,Gucci Grocery Bag,6BM1x4uVdTZAwC7KAifU7M,BUSINESS IS BUSINESS,7CLo0dKR7Zk97M2TLO8mb8,2023-06-22,9,False,0.907,0.485,C#/Db,-6.532,Major,0.161,0.00395,5.67e-05,0.0721,0.723,145.027,4,[],Studio Album,02:55,2023,June,Thursday
Young Thug,Global Access (feat. Nate Ruess),6kL24usyrKtdvoaOs7hSNr,BUSINESS IS BUSINESS (Metro's Version),1E7ibA3gXudpo1LBfzSRdh,2023-06-25,6,False,0.694,0.669,D,-8.87,Major,0.347,0.337,0.0,0.134,0.324,106.014,4,['Nate Ruess'],Album Deluxe,02:28,2023,June,Sunday
Young Thug,Boy Back (feat. NAV),6LqW3lcaz7LtvZ4TCoTGNm,So Much Fun,5AivpkHClIpmRxheNz1TzN,2019-08-15,7,False,0.774,0.564,A,-9.017,Minor,0.218,0.0411,1.89e-06,0.367,0.385,143.019,4,['NAV'],Studio Album,03:22,2019,August,Thursday
Young Thug,Contagious,5sjSafNGHVkBwqg60T647I,Punk,4tYDU5yrBpOxg2hUuBOgBo,2021-10-14,11,False,0.56,0.516,C#/Db,-9.905,Minor,0.455,0.567,0.0,0.18,0.484,76.511,4,[],Studio Album,02:30,2021,October,Thursday
Young Thug,Gucci Grocery Bag,51nipZAKzgoeI6ac7jKeFn,BUSINESS IS BUSINESS (Metro's Version),1E7ibA3gXudpo1LBfzSRdh,2023-06-25,5,False,0.907,0.485,C#/Db,-6.532,Major,0.161,0.00395,5.67e-05,0.0721,0.723,145.027,4,[],Album Deluxe,02:55,2023,June,Sunday
Young Thug,Pacifier,3IyXIG8MURGOFR9Kp5EPvG,Pacifier,2M2ELjUh4E5XhU4NserwE1,2015-07-17,4,False,0.771,0.824,C#/Db,-5.921,Major,0.114,0.0448,0.0,0.319,0.396,116.992,4,[],Single,03:58,2015,July,Friday
