,artist_name,track_name,track_id,album_name,album_id,release_date,popularity,explicit,danceability,duration_ms,energy,key,loudness,mode,speechiness,acousticness,instrumentalness,liveness,valence,tempo,time_signature,featured_artists
0,"Tyler, The Creator",EARFQUAKE,5hVghJ4KaYES3BFUATCYn0,IGOR,5zi7WsKlIiUXv09tbGLKsE,2019-05-17,80,True,0.554,190067,0.498,9,-8.866,1,0.0685,0.23,5.98e-06,0.795,0.413,79.635,4,[]
1,"Tyler, The Creator",See You Again (feat. Kali Uchis),7KA4W4McWYRpgf0fWsJZWB,Flower Boy,2nkto6YNI4rUYTLqEwWJ3o,2017-07-21,89,True,0.558,180387,0.559,6,-9.222,1,0.0959,0.371,7.49e-06,0.109,0.62,78.558,4,['Kali Uchis']
2,"Tyler, The Creator",BEST INTEREST,3jHdKaLCkuNEkWcLVmQPCX,BEST INTEREST,5iUwaD3wFVwfaAfs9Z0eCh,2020-01-25,81,True,0.596,127921,0.575,11,-8.325,0,0.0514,0.0861,0.000153,0.334,0.34,98.265,3,[]
3,"Tyler, The Creator",ARE WE STILL FRIENDS?,5TxRUOsGeWeRl3xOML59Ai,IGOR,5zi7WsKlIiUXv09tbGLKsE,2019-05-17,79,True,0.216,265480,0.497,10,-8.025,1,0.0371,0.128,2.39e-06,0.111,0.313,187.308,3,[]
4,"Tyler, The Creator",NEW MAGIC WAND,0fv2KH6hac06J86hBUTcSf,IGOR,5zi7WsKlIiUXv09tbGLKsE,2019-05-17,79,True,0.621,195320,0.73,5,-5.414,0,0.107,0.0967,0.000131,0.673,0.464,139.566,4,[]
5,"Tyler, The Creator",She,0SA0mMXWh23raZ6xzOCU2V,Goblin,5dbCm8qaCdWnNdVyi3urUO,2011-05-09,74,True,0.35,253387,0.621,8,-6.495,0,0.233,0.256,3.44e-05,0.613,0.459,83.375,4,['Frank Ocean']
6,"Tyler, The Creator",I THINK,4f8Mh5wuWHOsfXtzjrJB3t,IGOR,5zi7WsKlIiUXv09tbGLKsE,2019-05-17,70,True,0.826,212013,0.579,8,-8.241,0,0.0801,0.00881,0.0,0.129,0.431,121.075,4,[]
7,"Tyler, The Creator",WUSYANAME (feat. Youngboy Never Broke Again & Ty Dolla $ign),5B0kgjHULYJhAQkK5XsMoC,CALL ME IF YOU GET LOST,45ba6QAtNrdv6Ke4MFOKk9,2021-06-25,73,True,0.493,121573,0.653,0,-5.666,0,0.0466,0.269,0.0,0.511,0.852,142.347,4,"['YoungBoy Never Broke Again', 'Ty Dolla $ign']"
8,"Tyler, The Creator",Answer,6rqj2zeKhLy3exkuFi6mSz,Wolf,40QTqOBBxCEIQlLNdSjFQB,2013-04-01,70,True,0.352,230067,0.838,8,-6.465,0,0.0496,0.00329,5.74e-06,0.115,0.475,72.291,4,[]
9,"Tyler, The Creator",SWEET / I THOUGHT YOU WANTED TO DANCE (feat. Brent Faiyaz & Fana Hues),3EG9FJ0ToLfgnc1IG2Z1wz,CALL ME IF YOU GET LOST,45ba6QAtNrdv6Ke4MFOKk9,2021-06-25,72,True,0.468,588139,0.652,0,-4.912,1,0.0722,0.333,0.000318,0.55,0.39,140.223,4,"['Brent Faiyaz', 'Fana Hues']"
10,"Tyler, The Creator",A BOY IS A GUN*,1nXZnTALNXiPlvXotqHm66,IGOR,5zi7WsKlIiUXv09tbGLKsE,2019-05-17,69,True,0.417,210253,0.689,2,-8.302,0,0.178,0.575,0.0,0.496,0.505,79.568,4,[]
11,"Tyler, The Creator",Tamale,60b6B2ULC85t4Y5IjZvP7A,Wolf,40QTqOBBxCEIQlLNdSjFQB,2013-04-01,60,True,0.742,166347,0.93,11,-7.207,1,0.0977,0.0557,0.000242,0.272,0.967,129.986,4,[]
12,"Tyler, The Creator",RUNNING OUT OF TIME,5QvBXUm5MglLJ3iBfTX2Wo,IGOR,5zi7WsKlIiUXv09tbGLKsE,2019-05-17,72,True,0.36,177227,0.391,6,-10.6,1,0.0528,0.296,0.000406,0.129,0.162,84.281,4,[]
14,"Tyler, The Creator",PUPPET,0wEC0GNF74lAqrEFZJMl1m,IGOR,5zi7WsKlIiUXv09tbGLKsE,2019-05-17,68,True,0.508,179013,0.557,8,-8.967,0,0.0478,0.00235,0.0134,0.588,0.199,77.572,4,[]
15,"Tyler, The Creator",IFHY (feat. Pharrell),0NjW4SKY3gbfl2orl1p8hr,Wolf,40QTqOBBxCEIQlLNdSjFQB,2013-04-01,69,True,0.358,319253,0.715,7,-6.181,1,0.331,0.197,0.0,0.581,0.275,85.478,4,['Pharrell Williams']
16,"Tyler, The Creator",DOGTOOTH,6OfOzTitafSnsaunQLuNFw,CALL ME IF YOU GET LOST: The Estate Sale,1GG6U2SSJPHO6XsFiBzxYv,2023-03-31,69,True,0.706,161041,0.648,8,-6.348,1,0.324,0.505,0.0,0.215,0.802,77.533,4,[]
17,"Tyler, The Creator",911 / Mr. Lonely (feat. Frank Ocean & Steve Lacy),4bEcoz1OcfMgUbp2ft8ieQ,Flower Boy,2nkto6YNI4rUYTLqEwWJ3o,2017-07-21,71,True,0.48,255653,0.61,0,-7.042,1,0.305,0.0456,0.0,0.313,0.297,90.034,4,"['Frank Ocean', 'Steve Lacy']"
18,"Tyler, The Creator","FUCKING YOUNG / PERFECT (feat. Charlie Wilson, Chaz Bundick, Sydney Bennett & Kali Uchis)",46CA1H0T1r7u5lDUtVveAh,Cherry Bomb,621OhgnZJ7Pz8iUazct1In,2015-04-13,62,True,0.232,401573,0.705,5,-6.928,1,0.0997,0.032,6.6e-05,0.185,0.352,74.28,4,"['Charlie Wilson', 'Chaz Bundick', 'Syd', 'Kali Uchis']"
19,"Tyler, The Creator",IGOR'S THEME,51RN0kzWd7xeR4th5HsEtW,IGOR,5zi7WsKlIiUXv09tbGLKsE,2019-05-17,66,False,0.467,200693,0.672,10,-7.371,0,0.377,0.00559,0.243,0.607,0.0648,163.1,4,[]
20,"Tyler, The Creator","BOYFRIEND, GIRLFRIEND (2020 Demo) (feat. YG)",2sFEmuVVAa2klHwhFaT0rR,CALL ME IF YOU GET LOST: The Estate Sale,1GG6U2SSJPHO6XsFiBzxYv,2023-03-31,58,True,0.778,204365,0.847,6,-3.422,0,0.0605,0.421,0.000363,0.35,0.658,109.226,4,['YG']
21,"Tyler, The Creator",VCR,5soIZB93fAOG11xJ7OQKrx,12 Odd Future Songs,2EL4Tqtj9eXAjxcKPDIyu1,2011-10-03,54,True,0.546,208213,0.891,8,-7.13,0,0.297,0.0587,5.95e-05,0.0934,0.292,151.18,4,[]
22,"Tyler, The Creator",I DON'T LOVE YOU ANYMORE,5A0M6B0RBSXSNWv0wcppZ9,IGOR,5zi7WsKlIiUXv09tbGLKsE,2019-05-17,63,True,0.638,161200,0.522,8,-9.814,1,0.0932,0.352,0.0663,0.165,0.584,142.952,4,[]
23,"Tyler, The Creator",Yonkers,1nwkSqzTyXBk6XF796EOav,Goblin,5dbCm8qaCdWnNdVyi3urUO,2011-05-09,60,True,0.712,249333,0.759,11,-5.397,1,0.334,0.0161,0.0808,0.217,0.738,79.102,4,[]
24,"Tyler, The Creator",WHAT'S GOOD,6bOkaEXc5CopinGazSLokx,IGOR,5zi7WsKlIiUXv09tbGLKsE,2019-05-17,64,True,0.458,205627,0.909,1,-6.553,1,0.487,0.0567,4.26e-06,0.11,0.449,118.227,4,[]
25,"Tyler, The Creator",Glitter,0qtK3XwbuG153dmwB8iepL,Flower Boy,2nkto6YNI4rUYTLqEwWJ3o,2017-07-21,65,True,0.449,224893,0.434,1,-11.777,1,0.243,0.306,2.76e-06,0.633,0.371,78.57,5,[]
26,"Tyler, The Creator",JUGGERNAUT (feat. Lil Uzi Vert & Pharrell Williams),7z4xW9WY86uH3gd1V9pfCM,CALL ME IF YOU GET LOST,45ba6QAtNrdv6Ke4MFOKk9,2021-06-25,62,True,0.827,146419,0.571,11,-7.949,1,0.366,0.0195,0.0,0.166,0.62,142.034,4,"['Lil Uzi Vert', 'Pharrell Williams']"
27,"Tyler, The Creator",WHAT A DAY,3v3gyQkwRQGwDUZ7V2q2lF,CALL ME IF YOU GET LOST: The Estate Sale,1GG6U2SSJPHO6XsFiBzxYv,2023-03-31,61,True,0.484,216884,0.828,10,-6.29,0,0.258,0.529,0.0,0.163,0.769,88.939,4,[]
29,"Tyler, The Creator",HOT WIND BLOWS (feat. Lil Wayne),3JJL91ilRV6fXhKqu0FGXs,CALL ME IF YOU GET LOST,45ba6QAtNrdv6Ke4MFOKk9,2021-06-25,66,True,0.371,155293,0.75,7,-5.382,0,0.402,0.601,0.0,0.482,0.729,173.456,4,['Lil Wayne']
30,"Tyler, The Creator",Potato Salad,1jzIJcHCXneHw7ojC6LXiF,Potato Salad,02KFVEA5tnY0YnypmWY1tz,2018-09-28,67,True,0.538,182493,0.612,2,-6.02,1,0.424,0.308,0.0,0.213,0.684,168.197,4,['A$AP Rocky']
31,"Tyler, The Creator","Enjoy Right Now, Today",3R1Vu4Ws7UitwDxDHTol0P,Flower Boy,2nkto6YNI4rUYTLqEwWJ3o,2017-07-21,53,False,0.729,235400,0.675,1,-6.008,1,0.187,0.037,0.847,0.0891,0.654,162.126,4,[]
32,"Tyler, The Creator","Come On, Let's Go (with Nigo)",6f44p3Kc4ayD9VtbC9Clkr,I Know NIGO!,75T8WnF5n7fgKJ0EC7WRPS,2022-03-25,60,True,0.732,199500,0.734,11,-7.968,1,0.0974,0.136,0.000901,0.165,0.488,145.722,4,['Nigo']
33,"Tyler, The Creator",WHARF TALK (feat. A$AP Rocky),3u9PAti8muEXXvEjeFpQK0,CALL ME IF YOU GET LOST: The Estate Sale,1GG6U2SSJPHO6XsFiBzxYv,2023-03-31,62,True,0.788,204110,0.744,11,-6.022,1,0.069,0.189,5.74e-05,0.196,0.681,96.445,4,['A$AP Rocky']
34,"Tyler, The Creator",SORRY NOT SORRY,410ZZP746AQeiywhKvXWCo,CALL ME IF YOU GET LOST: The Estate Sale,1GG6U2SSJPHO6XsFiBzxYv,2023-03-31,66,True,0.481,206050,0.797,6,-4.094,0,0.201,0.404,0.0,0.368,0.495,96.237,3,[]
35,"Tyler, The Creator",Boredom (feat. Rex Orange County & Anna of the North),5WNYg3usc6H8N3MBEp4zVk,Flower Boy,2nkto6YNI4rUYTLqEwWJ3o,2017-07-21,66,True,0.559,320720,0.578,8,-9.54,1,0.151,0.79,0.000522,0.324,0.239,79.938,4,"['Rex Orange County', 'Anna of the North']"
36,"Tyler, The Creator",Where This Flower Blooms (feat. Frank Ocean),6KuXb26rHuRy3ZDse1VRmx,Flower Boy,2nkto6YNI4rUYTLqEwWJ3o,2017-07-21,68,True,0.686,194933,0.429,8,-10.402,0,0.15,0.71,3.41e-06,0.166,0.27,130.09,4,['Frank Ocean']
37,"Tyler, The Creator",SIR BAUDELAIRE (feat. DJ Drama),4ydmav4vl7hebadtfZtMrg,CALL ME IF YOU GET LOST,45ba6QAtNrdv6Ke4MFOKk9,2021-06-25,58,True,0.467,88625,0.635,7,-6.115,1,0.154,0.314,4.16e-06,0.844,0.51,127.596,3,['DJ Drama']
38,"Tyler, The Creator",Awkward,6c7l5gpEyCNGr86jsWneGy,Wolf,40QTqOBBxCEIQlLNdSjFQB,2013-04-01,55,True,0.472,227467,0.777,8,-8.666,1,0.294,0.225,0.0283,0.195,0.673,153.78,4,[]
39,"Tyler, The Creator",SMUCKERS (feat. Lil Wayne & Kanye West),078C2jXg7XsMgW78Gfx1JA,Cherry Bomb,621OhgnZJ7Pz8iUazct1In,2015-04-13,64,True,0.427,334363,0.849,7,-2.945,1,0.348,0.015,0.00373,0.153,0.55,79.155,4,"['Lil Wayne', 'Kanye West']"
40,"Tyler, The Creator",HEAVEN TO ME,4Z1ZlABSKDlVByJL3y5OVs,CALL ME IF YOU GET LOST: The Estate Sale,1GG6U2SSJPHO6XsFiBzxYv,2023-03-31,57,True,0.407,230554,0.932,6,-5.253,1,0.406,0.273,0.0,0.676,0.396,174.849,4,[]
41,"Tyler, The Creator",Treehome95 (feat. Coco O. & Erykah Badu),2vLwhcsvRd1f2ETft1kWDN,Wolf,40QTqOBBxCEIQlLNdSjFQB,2013-04-01,57,True,0.721,180213,0.539,11,-8.726,1,0.362,0.217,0.00257,0.419,0.377,81.971,4,"['Coco O.', 'Erykah Badu']"
42,"Tyler, The Creator",Colossus,5AnVuHLmgipXkFmBvj2Q6H,Wolf,40QTqOBBxCEIQlLNdSjFQB,2013-04-01,60,True,0.442,213320,0.6,2,-9.087,1,0.357,0.267,0.0,0.31,0.725,82.462,1,[]
43,"Tyler, The Creator",Tron Cat,3o3K5bwHFP36MqOLa0WSw3,Goblin,5dbCm8qaCdWnNdVyi3urUO,2011-05-09,51,True,0.632,253747,0.634,8,-8.415,1,0.274,0.0302,0.0,0.153,0.39,81.0,4,[]
44,"Tyler, The Creator",48,2wK7y55bzry7tUDmDqYaz7,Wolf,40QTqOBBxCEIQlLNdSjFQB,2013-04-01,56,True,0.558,247293,0.887,1,-8.083,1,0.265,0.132,0.0,0.89,0.537,119.91,4,[]
45,"Tyler, The Creator",Lone,6oVFpdtDzSgRLv8rUgFVUW,Wolf,40QTqOBBxCEIQlLNdSjFQB,2013-04-01,53,True,0.362,237107,0.761,2,-8.509,0,0.241,0.442,0.0,0.741,0.586,80.355,4,[]
46,"Tyler, The Creator",435,5xJeZ6tLPOXNIrrphEIuay,435,5wWkfNvfwMfQFbas9Gjggq,2018-06-08,59,True,0.539,93840,0.804,10,-5.504,0,0.172,0.00247,0.000185,0.463,0.798,85.752,4,[]
47,"Tyler, The Creator",STUNTMAN (feat. Vince Staples),6S4WM9LW6oGkAtBFePffh2,CALL ME IF YOU GET LOST: The Estate Sale,1GG6U2SSJPHO6XsFiBzxYv,2023-03-31,54,True,0.731,199742,0.663,1,-7.758,1,0.246,0.0568,0.0,0.781,0.43,95.972,4,['Vince Staples']
48,"Tyler, The Creator",November,4XDpeWqPADoWRKcUY3dC84,Flower Boy,2nkto6YNI4rUYTLqEwWJ3o,2017-07-21,61,True,0.547,225347,0.759,1,-7.039,0,0.413,0.354,2.15e-05,0.676,0.575,91.85,4,[]
49,"Tyler, The Creator",OKRA,74ZovzRxHBvCq5yIwe8boh,OKRA,0dXN05tQ4StX1W0lwN95Q6,2018-03-30,55,True,0.589,151027,0.57,1,-9.54,1,0.361,0.0456,1.51e-06,0.137,0.441,136.203,4,[]
50,"Tyler, The Creator",RISE! (feat. DAISY WORLD),4Hta7Oy5W9HD0UgT1P8PPV,CALL ME IF YOU GET LOST,45ba6QAtNrdv6Ke4MFOKk9,2021-06-25,56,True,0.766,203588,0.814,2,-3.367,1,0.0733,0.044,1.08e-05,0.195,0.481,108.07,4,['DAISY WORLD']
51,"Tyler, The Creator","FIND YOUR WINGS (feat. Roy Ayers, Sydney Bennett & Kali Uchis)",7er0EUMY653mxZ1NVD9mwQ,Cherry Bomb,621OhgnZJ7Pz8iUazct1In,2015-04-13,59,True,0.53,179043,0.427,9,-7.338,0,0.0275,0.405,0.0832,0.0976,0.195,75.111,4,"['Roy Ayers', 'Syd', 'Kali Uchis']"
52,"Tyler, The Creator",I Ain't Got Time!,430qNtapCS3Ue1yoSql1oV,Flower Boy,2nkto6YNI4rUYTLqEwWJ3o,2017-07-21,58,True,0.549,206267,0.725,1,-7.239,1,0.397,0.0539,3.52e-05,0.148,0.547,108.822,4,[]
53,"Tyler, The Creator",RUNITUP (feat. Teezo Touchdown),13HsOwrwTA5HgLuoaDHncP,CALL ME IF YOU GET LOST,45ba6QAtNrdv6Ke4MFOKk9,2021-06-25,58,True,0.665,229565,0.469,10,-7.778,0,0.13,0.565,0.000317,0.219,0.142,115.852,4,['Teezo Touchdown']
55,"Tyler, The Creator",CORSO,46oHvXwpEZOFX518we1nJD,CALL ME IF YOU GET LOST,45ba6QAtNrdv6Ke4MFOKk9,2021-06-25,61,True,0.703,146482,0.845,10,-4.851,0,0.337,0.169,0.0,0.122,0.745,97.672,4,[]
56,"Tyler, The Creator",Goblin,5LJD1sBRPnDkhWs2D5qRk2,Goblin,5dbCm8qaCdWnNdVyi3urUO,2011-05-09,46,True,0.456,408520,0.529,5,-12.651,0,0.828,0.534,0.0,0.219,0.444,78.235,4,[]
57,"Tyler, The Creator",Pigs,5L4n81Ecf8UE837uJkuoJJ,Wolf,40QTqOBBxCEIQlLNdSjFQB,2013-04-01,49,True,0.406,254733,0.734,1,-6.983,0,0.246,0.0275,0.000978,0.0768,0.488,80.208,4,[]
58,"Tyler, The Creator",MASSA,2goHCrsDJaflEwQ930ef0o,CALL ME IF YOU GET LOST,45ba6QAtNrdv6Ke4MFOKk9,2021-06-25,57,True,0.685,223719,0.855,1,-6.724,0,0.438,0.329,8.9e-05,0.301,0.46,157.181,4,[]
59,"Tyler, The Creator",SAFARI,09xpQPfKWdio1wx6v17dGa,CALL ME IF YOU GET LOST,45ba6QAtNrdv6Ke4MFOKk9,2021-06-25,56,True,0.471,177743,0.71,1,-6.462,0,0.213,0.0618,1.7e-06,0.338,0.599,80.453,4,[]
60,"Tyler, The Creator",WOLF,2JZpS2sOdJy37oBpn1GuPW,Wolf,40QTqOBBxCEIQlLNdSjFQB,2013-04-01,54,True,0.426,109893,0.303,1,-11.52,0,0.0787,0.316,0.00795,0.411,0.383,139.042,4,[]
61,"Tyler, The Creator",SWEET / I THOUGHT YOU WANTED TO DANCE (feat. Brent Faiyaz & Fana Hues),0pR5vcd51X9wyACCiolHNR,CALL ME IF YOU GET LOST: The Estate Sale,1GG6U2SSJPHO6XsFiBzxYv,2023-03-31,55,True,0.468,588139,0.652,0,-4.912,1,0.0722,0.333,0.000318,0.55,0.39,140.223,4,"['Brent Faiyaz', 'Fana Hues']"
62,"Tyler, The Creator",WUSYANAME (feat. Youngboy Never Broke Again & Ty Dolla $ign),1G3YgeTpECl3LYqFsUfzs5,CALL ME IF YOU GET LOST: The Estate Sale,1GG6U2SSJPHO6XsFiBzxYv,2023-03-31,54,True,0.493,121573,0.653,0,-5.666,0,0.0466,0.269,0.0,0.511,0.852,142.347,4,"['YoungBoy Never Broke Again', 'Ty Dolla $ign']"
63,"Tyler, The Creator",CORSO,2M6P0j9uCqFzx8u9P4VxNi,CALL ME IF YOU GET LOST: The Estate Sale,1GG6U2SSJPHO6XsFiBzxYv,2023-03-31,53,True,0.703,146482,0.845,10,-4.851,0,0.337,0.169,0.0,0.122,0.745,97.672,4,[]
64,"Tyler, The Creator",SIR BAUDELAIRE (feat. DJ Drama),65Cev4uzaAUqfqu0oxepew,CALL ME IF YOU GET LOST: The Estate Sale,1GG6U2SSJPHO6XsFiBzxYv,2023-03-31,51,True,0.467,88625,0.635,7,-6.115,1,0.154,0.314,4.16e-06,0.844,0.51,127.596,3,['DJ Drama']
65,"Tyler, The Creator",WILSHIRE,1pbbsI2KGPOMu0HmuGccBu,CALL ME IF YOU GET LOST,45ba6QAtNrdv6Ke4MFOKk9,2021-06-25,60,True,0.555,515865,0.712,1,-7.446,1,0.323,0.0451,5.14e-06,0.182,0.555,78.958,4,[]
66,"Tyler, The Creator",Bastard,7gza9mETipz1YWiN7tOedL,12 Odd Future Songs,2EL4Tqtj9eXAjxcKPDIyu1,2011-10-03,50,True,0.531,369387,0.549,7,-9.949,1,0.324,0.734,0.0,0.715,0.308,145.567,4,[]
67,"Tyler, The Creator",Cowboy,2hjjUjikOa29kImnI5kQPw,Wolf,40QTqOBBxCEIQlLNdSjFQB,2013-04-01,57,True,0.499,195320,0.662,1,-8.514,1,0.382,0.06,0.0,0.428,0.65,160.008,4,[]
68,"Tyler, The Creator","2SEATER (feat. Aaron Shaw, Samantha Nelson & Austin Feinstein)",6Xw3iWrQKgArwlRhVuU9CK,Cherry Bomb,621OhgnZJ7Pz8iUazct1In,2015-04-13,57,True,0.352,409779,0.693,10,-7.412,0,0.361,0.334,6.21e-05,0.611,0.348,88.855,4,"['Aaron Shaw', 'Samantha Nelson', 'Austin Feinstein']"
70,"Tyler, The Creator",Rusty (feat. Domo Genesis & Earl Sweatshirt),4oQkcfukOHfKsmeoeXQLWC,Wolf,40QTqOBBxCEIQlLNdSjFQB,2013-04-01,55,True,0.503,309693,0.677,11,-5.647,1,0.248,0.00529,0.00024,0.396,0.364,81.28,4,"['Domo Genesis', 'Earl Sweatshirt']"
71,"Tyler, The Creator",Droppin' Seeds (feat. Lil' Wayne),39u2PsqrAZpZ0KPx6CjasV,Flower Boy,2nkto6YNI4rUYTLqEwWJ3o,2017-07-21,57,True,0.401,60000,0.532,5,-11.554,0,0.508,0.103,0.0,0.478,0.413,84.777,4,['Lil Wayne']
72,"Tyler, The Creator",Her,0XDfOOlscDrr50Q0PERrVd,Goblin,5dbCm8qaCdWnNdVyi3urUO,2011-05-09,48,True,0.802,211107,0.369,1,-13.218,0,0.432,0.00385,0.000101,0.114,0.494,145.834,4,[]
73,"Tyler, The Creator",Domo23,75kiQfmmuQwgquZ9RLSvuA,Wolf,40QTqOBBxCEIQlLNdSjFQB,2013-04-01,54,True,0.727,158760,0.565,1,-5.564,0,0.356,0.167,0.0,0.262,0.597,133.094,4,[]
74,"Tyler, The Creator",BLESSED,2X5m6irq8boS50Efx4oWew,CALL ME IF YOU GET LOST,45ba6QAtNrdv6Ke4MFOKk9,2021-06-25,51,True,0.336,57667,0.613,8,-7.869,1,0.123,0.389,9.99e-05,0.765,0.741,40.319,4,[]
75,"Tyler, The Creator",Analog,3xFXkeyBtnysOlrQwYan5z,Goblin,5dbCm8qaCdWnNdVyi3urUO,2011-05-09,48,True,0.364,174400,0.699,0,-9.473,0,0.29,0.00444,0.00093,0.772,0.427,87.083,5,['Hodgy']
76,"Tyler, The Creator",Sometimes...,4KgTrzmfiWNcVneh2Dd1Ou,Flower Boy,2nkto6YNI4rUYTLqEwWJ3o,2017-07-21,55,True,0.552,36160,0.415,3,-11.996,1,0.0451,0.959,0.000239,0.164,0.36,72.862,4,[]
77,"Tyler, The Creator",PartyIsntOver/Campfire/Bimmer (feat. Frank Ocean & Laetitia Sadier),04QTBqa3IA4ZAKEuqRPzEH,Wolf,40QTqOBBxCEIQlLNdSjFQB,2013-04-01,59,True,0.443,438493,0.576,1,-8.695,0,0.201,0.0709,0.0197,0.41,0.127,151.835,4,"['Frank Ocean', 'Laetitia Sadier']"
78,"Tyler, The Creator",Jamba (feat. Hodgy),3Z5pXxCb0O6L53vejFHhqQ,Wolf,40QTqOBBxCEIQlLNdSjFQB,2013-04-01,54,True,0.722,212493,0.488,8,-7.547,1,0.398,0.0404,3.45e-06,0.322,0.661,80.093,4,['Hodgy']
80,"Tyler, The Creator",LUMBERJACK,0BiK5BbYNFLb88CCOxBFJe,CALL ME IF YOU GET LOST,45ba6QAtNrdv6Ke4MFOKk9,2021-06-25,59,True,0.386,138312,0.762,9,-6.341,1,0.564,0.122,0.0,0.527,0.433,170.691,4,[]
81,"Tyler, The Creator",RISE! (feat. DAISY WORLD),2wQUUYQ4KOeLLuPS5nBBDK,CALL ME IF YOU GET LOST: The Estate Sale,1GG6U2SSJPHO6XsFiBzxYv,2023-03-31,49,True,0.766,203588,0.814,2,-3.367,1,0.0733,0.044,1.08e-05,0.195,0.481,108.07,4,['DAISY WORLD']
82,"Tyler, The Creator","FUCKING YOUNG / PERFECT (feat. Charlie Wilson, Chaz Bundick, Sydney Bennett & Kali Uchis)",6738dceRZVHz8VumfBH7aI,Cherry Bomb + Instrumentals,5V3Chnpno9oTI7JSPXKUf3,2015-04-13,44,True,0.232,401573,0.705,5,-6.928,1,0.0997,0.032,6.6e-05,0.185,0.352,74.28,4,"['Charlie Wilson', 'Chaz Bundick', 'Syd', 'Kali Uchis']"
83,"Tyler, The Creator",RUNITUP (feat. Teezo Touchdown),0lXJL0unztXDdIOXu5xCML,CALL ME IF YOU GET LOST: The Estate Sale,1GG6U2SSJPHO6XsFiBzxYv,2023-03-31,50,True,0.665,229565,0.469,10,-7.778,0,0.13,0.565,0.000317,0.219,0.142,115.852,4,['Teezo Touchdown']
84,"Tyler, The Creator",MOMMA TALK,6ZvghXQAXw2W9blIQbBVZW,CALL ME IF YOU GET LOST: The Estate Sale,1GG6U2SSJPHO6XsFiBzxYv,2023-03-31,44,True,0.488,70927,0.59,0,-6.319,1,0.247,0.696,0.0,0.661,0.498,96.446,5,[]
86,"Tyler, The Creator",MASSA,3lqIHMPvL6ef6t2xKD8ZVH,CALL ME IF YOU GET LOST: The Estate Sale,1GG6U2SSJPHO6XsFiBzxYv,2023-03-31,51,True,0.685,223719,0.855,1,-6.724,0,0.438,0.329,8.9e-05,0.301,0.46,157.181,4,[]
87,"Tyler, The Creator",JUGGERNAUT (feat. Lil Uzi Vert & Pharrell Williams),5Jue6vup8nHUgXFUGMk478,CALL ME IF YOU GET LOST: The Estate Sale,1GG6U2SSJPHO6XsFiBzxYv,2023-03-31,51,True,0.827,146419,0.571,11,-7.949,1,0.366,0.0195,0.0,0.166,0.62,142.034,4,"['Lil Uzi Vert', 'Pharrell Williams']"
88,"Tyler, The Creator",MOMMA TALK,2HrRwAKgIzjTeuKoaj4akH,CALL ME IF YOU GET LOST,45ba6QAtNrdv6Ke4MFOKk9,2021-06-25,46,True,0.488,70927,0.59,0,-6.319,1,0.247,0.696,0.0,0.661,0.498,96.446,5,[]
89,"Tyler, The Creator",HOT WIND BLOWS (feat. Lil Wayne),6kz3FLaVhtcUECyMYR9BCR,CALL ME IF YOU GET LOST: The Estate Sale,1GG6U2SSJPHO6XsFiBzxYv,2023-03-31,53,True,0.371,155293,0.75,7,-5.382,0,0.402,0.601,0.0,0.482,0.729,173.456,4,['Lil Wayne']
90,"Tyler, The Creator",MANIFESTO (feat. Domo Genesis),6qouBO0wJtYc3k7DfKRUBx,CALL ME IF YOU GET LOST,45ba6QAtNrdv6Ke4MFOKk9,2021-06-25,54,True,0.454,175123,0.866,2,-5.348,1,0.391,0.121,0.0067,0.167,0.518,92.463,4,['Domo Genesis']
91,"Tyler, The Creator",LEMONHEAD (feat. 42 Dugg),5fbHRCsGpFIOLRtlhCRFDR,CALL ME IF YOU GET LOST,45ba6QAtNrdv6Ke4MFOKk9,2021-06-25,59,True,0.62,130980,0.586,1,-6.612,1,0.212,0.155,0.0,0.535,0.487,137.131,4,['42 Dugg']
92,"Tyler, The Creator",Radicals,5a2vYvmIWmtA8KcUTthpRk,Goblin,5dbCm8qaCdWnNdVyi3urUO,2011-05-09,46,True,0.562,438333,0.68,1,-8.015,1,0.498,0.154,0.0955,0.269,0.224,74.06,4,[]
93,"Tyler, The Creator",AU79,7nfjw4GlYu6kGVkf19yzFe,Goblin,5dbCm8qaCdWnNdVyi3urUO,2011-05-09,37,True,0.499,220253,0.344,6,-14.841,1,0.0495,0.0748,0.717,0.133,0.52,159.965,4,[]
95,"Tyler, The Creator",Answer - Instrumental,2XXRfOIeQ9oIkSAqgW0kNr,Wolf + Instrumentals,4jEKedq9rWPV9OXuMkrZCa,2013-04-01,48,False,0.309,234307,0.631,8,-7.565,0,0.0312,0.000202,0.0373,0.076,0.418,145.583,4,[]
96,"Tyler, The Creator",WILSHIRE,2z27xc2eCnIZOBtBHuLQEQ,CALL ME IF YOU GET LOST: The Estate Sale,1GG6U2SSJPHO6XsFiBzxYv,2023-03-31,49,True,0.555,515865,0.712,1,-7.446,1,0.323,0.0451,5.14e-06,0.182,0.555,78.958,4,[]
97,"Tyler, The Creator",Fish,6VkmMpgrvypnV9dTLwaDdW,Goblin,5dbCm8qaCdWnNdVyi3urUO,2011-05-09,43,True,0.694,379627,0.505,8,-12.436,1,0.331,0.319,0.0,0.0809,0.212,119.271,4,[]
99,"Tyler, The Creator",Sandwitches,48dxLly3L9QERpreYM7MKv,Goblin,5dbCm8qaCdWnNdVyi3urUO,2011-05-09,42,True,0.576,291227,0.587,4,-9.763,1,0.222,0.0676,2.21e-06,0.204,0.373,152.468,4,['Hodgy']
101,"Tyler, The Creator",Big Bag,1flloiRJOCenDSSjnuHGln,Music Inspired by Illumination & Dr. Seuss' The Grinch,05qQ4Sl7LjxDhZFB1ChVvH,2018-11-16,41,False,0.675,85413,0.559,10,-9.003,0,0.106,0.00608,9.73e-05,0.0843,0.668,117.845,4,[]
103,"Tyler, The Creator",Awkward,7mlvrrNPu1Kgb2GBOJnQFC,Wolf + Instrumentals,4jEKedq9rWPV9OXuMkrZCa,2013-04-01,34,True,0.445,227474,0.746,5,-9.086,0,0.296,0.267,0.0322,0.209,0.699,154.163,4,[]
105,"Tyler, The Creator",Tron Cat,7zs03air8yiI8EYfAaX7b1,Goblin,3scNeGKz8kAMDrYG5U971b,2011-05-09,30,True,0.632,253747,0.634,8,-8.415,1,0.274,0.0302,0.0,0.153,0.39,81.0,4,[]
107,"Tyler, The Creator",Analog,4DJ63obgThdFzKRgRrUbkG,Goblin,3scNeGKz8kAMDrYG5U971b,2011-05-09,35,True,0.364,174400,0.699,0,-9.473,0,0.29,0.00444,0.00093,0.772,0.427,87.083,5,['Hodgy']
108,"Tyler, The Creator",I Am the Grinch (feat. Fletcher Jones),5TVQdlY5H99BSAciKixBSt,Dr. Seuss' The Grinch (Original Motion Picture Soundtrack),4u40K47aUMjeNrPGmQrodQ,2018-11-09,47,False,0.741,157813,0.796,9,-6.187,1,0.189,0.0821,7.29e-05,0.196,0.595,115.002,4,['Fletcher Jones']
109,"Tyler, The Creator",Rusty (feat. Domo Genesis & Earl Sweatshirt),5AkCXzN890Crr33zlOJACl,Wolf + Instrumentals,4jEKedq9rWPV9OXuMkrZCa,2013-04-01,35,True,0.542,309712,0.669,11,-6.048,1,0.245,0.00547,0.000193,0.451,0.359,81.85,4,"['Domo Genesis', 'Earl Sweatshirt']"
111,"Tyler, The Creator",Yonkers,7fnH9vpllrPLuIgLQ2x7ji,Yonkers,4KUXmY53T1DLMZ0lVJsjjw,2011-02-15,40,True,0.712,249333,0.759,11,-5.397,1,0.334,0.0161,0.0808,0.217,0.738,79.102,4,[]
112,"Tyler, The Creator",EARFQUAKE - Channel Tres Remix,6tgknDU0VMbXILuWixFKKn,EARFQUAKE (Channel Tres Remix),2gIJO0RLORaeRCT9G1E52V,2019-10-04,35,True,0.698,228250,0.69,4,-8.705,0,0.0403,0.0206,0.56,0.195,0.468,119.998,4,['Channel Tres']
113,"Tyler, The Creator",48,3e1eAGw2Icto28DqCqtNSG,Wolf + Instrumentals,4jEKedq9rWPV9OXuMkrZCa,2013-04-01,35,True,0.548,247312,0.875,1,-8.487,1,0.277,0.125,0.0,0.873,0.512,119.995,4,[]
115,"Tyler, The Creator",Lone,1v1uyptq1GJOODawkJrwOx,Wolf + Instrumentals,4jEKedq9rWPV9OXuMkrZCa,2013-04-01,34,True,0.41,237120,0.736,2,-8.901,1,0.182,0.456,0.0,0.821,0.596,78.643,4,[]
118,"Tyler, The Creator",WOLF,0fqkchNanlXCoNacucPP17,Wolf + Instrumentals,4jEKedq9rWPV9OXuMkrZCa,2013-04-01,34,True,0.425,110616,0.286,1,-11.993,0,0.122,0.314,0.00476,0.399,0.344,138.879,4,[]
119,"Tyler, The Creator",KEEP DA O'S (feat. Pharrell Williams & Coco O.),7zdanauvITJaq9OE7bBz0c,Cherry Bomb,621OhgnZJ7Pz8iUazct1In,2015-04-13,42,True,0.501,248544,0.596,6,-8.444,1,0.077,0.00814,0.00023,0.0666,0.204,139.929,3,"['Pharrell Williams', 'Coco O.']"
120,"Tyler, The Creator",DEATHCAMP (feat. Cole Alexander),2u1tKPsxhwigi5BNbXihB0,Cherry Bomb + Instrumentals,5V3Chnpno9oTI7JSPXKUf3,2015-04-13,44,True,0.581,189703,0.746,10,-5.495,0,0.0422,0.0149,0.000276,0.594,0.455,101.881,4,['Cole Alexander']
121,"Tyler, The Creator",Goblin,7czHy27LqBUF6zifjvBPEn,Goblin,3scNeGKz8kAMDrYG5U971b,2011-05-09,24,True,0.456,408520,0.529,5,-12.651,0,0.828,0.534,0.0,0.219,0.444,78.235,4,[]
122,"Tyler, The Creator",Colossus,1jsMrfbo7gDk0lu0FUISt8,Wolf + Instrumentals,4jEKedq9rWPV9OXuMkrZCa,2013-04-01,36,True,0.508,213340,0.591,0,-9.52,1,0.362,0.297,0.0,0.267,0.731,105.096,5,[]
124,"Tyler, The Creator",Her,7wzKTBFNEsWLzu6mYSnGJf,Goblin,3scNeGKz8kAMDrYG5U971b,2011-05-09,26,True,0.802,211107,0.369,1,-13.218,0,0.432,0.00385,0.000101,0.114,0.494,145.834,4,[]
125,"Tyler, The Creator",Jamba (feat. Hodgy),2AVAzChsDazG4eCQuzLYjS,Wolf + Instrumentals,4jEKedq9rWPV9OXuMkrZCa,2013-04-01,35,True,0.757,212500,0.48,1,-7.909,1,0.38,0.0315,2.91e-06,0.322,0.647,80.017,4,['Hodgy']
126,"Tyler, The Creator",Yonkers,3wtdE36rvmFSsr2Yptn7to,Goblin,3scNeGKz8kAMDrYG5U971b,2011-05-09,30,True,0.712,249333,0.759,11,-5.397,1,0.334,0.0161,0.0808,0.217,0.738,79.102,4,[]
127,"Tyler, The Creator",Treehome95 (feat. Coco O. & Erykah Badu),0dI5myaaNzX0KKcE1I2pNV,Wolf + Instrumentals,4jEKedq9rWPV9OXuMkrZCa,2013-04-01,34,True,0.722,180239,0.535,11,-9.157,1,0.335,0.24,0.00447,0.287,0.447,81.962,4,"['Coco O.', 'Erykah Badu']"
128,"Tyler, The Creator",Pigs,2XF5OHqf4GoKW4x8BQjloL,Wolf + Instrumentals,4jEKedq9rWPV9OXuMkrZCa,2013-04-01,31,True,0.345,254754,0.717,1,-7.382,0,0.297,0.0297,0.00106,0.0834,0.451,84.411,4,[]
130,"Tyler, The Creator",PILOT (feat. Sydney Bennett),4SUQbrebZgvSX8i3aYHMB6,Cherry Bomb + Instrumentals,5V3Chnpno9oTI7JSPXKUf3,2015-04-13,38,True,0.596,209412,0.869,5,-2.389,0,0.0621,6.32e-05,0.0493,0.0476,0.545,109.995,4,['Syd']
132,"Tyler, The Creator",Tamale - Instrumental,72OgjLqn9qG0A9XkfGwGrt,Wolf + Instrumentals,4jEKedq9rWPV9OXuMkrZCa,2013-04-01,26,False,0.789,157133,0.998,11,-7.684,0,0.0752,0.061,0.8,0.384,0.622,130.005,4,[]
133,"Tyler, The Creator",Bimmer - Instrumental,35wS3SmZ8gD2ty6x3Wbq3r,Wolf + Instrumentals,4jEKedq9rWPV9OXuMkrZCa,2013-04-01,31,False,0.854,146040,0.739,11,-8.051,1,0.254,0.019,0.886,0.13,0.34,151.964,4,[]
134,"Tyler, The Creator",FUCKING YOUNG / PERFECT - Instrumental,26jiz9ZZTRxYb0nnuWKyO0,Cherry Bomb + Instrumentals,5V3Chnpno9oTI7JSPXKUf3,2015-04-13,29,False,0.286,401667,0.531,5,-6.89,1,0.0329,0.0112,0.766,0.114,0.106,74.04,4,[]
136,"Tyler, The Creator",When Gloves Come Off (feat. Ryan Beatty),7A5zSSX7AAVRhcTmIaKcf6,Music Inspired by Illumination & Dr. Seuss' The Grinch,05qQ4Sl7LjxDhZFB1ChVvH,2018-11-16,36,False,0.546,113853,0.366,0,-9.919,1,0.0324,0.04,0.0877,0.0568,0.153,83.97,4,['Ryan Beatty']
139,"Tyler, The Creator",48 - Instrumental,31bO3sXBncrrSl5stbzGKN,Wolf + Instrumentals,4jEKedq9rWPV9OXuMkrZCa,2013-04-01,27,False,0.714,240720,0.888,11,-5.639,1,0.0689,0.00341,0.808,0.0692,0.35,119.829,4,[]
141,"Tyler, The Creator",PartyIsntOver/Campfire/Bimmer (feat. Frank Ocean & Laetitia Sadier),10kn8tPNyljdrAGzhaAPSL,Wolf + Instrumentals,4jEKedq9rWPV9OXuMkrZCa,2013-04-01,36,True,0.435,438512,0.564,1,-9.15,1,0.207,0.0893,0.0178,0.42,0.116,151.767,4,"['Frank Ocean', 'Laetitia Sadier']"
142,"Tyler, The Creator",IFHY - Instrumental,5NEK7gk7mmZzULvAJ4XFlA,Wolf + Instrumentals,4jEKedq9rWPV9OXuMkrZCa,2013-04-01,33,False,0.316,318937,0.456,8,-6.178,1,0.0675,0.16,0.854,0.0828,0.0383,79.452,4,[]
143,"Tyler, The Creator",Fish,31vEt94A8245gvj57uomBB,Goblin,3scNeGKz8kAMDrYG5U971b,2011-05-09,24,True,0.694,379627,0.505,8,-12.436,1,0.331,0.319,0.0,0.0809,0.212,119.271,4,[]
144,"Tyler, The Creator",WOLF - Instrumental,22LjwEKshG0rIXnbwAefGQ,Wolf + Instrumentals,4jEKedq9rWPV9OXuMkrZCa,2013-04-01,30,False,0.51,108827,0.282,1,-16.077,0,0.0368,0.163,0.857,0.0722,0.154,139.672,3,[]
145,"Tyler, The Creator",FIND YOUR WINGS - Instrumental,3xLUgT2u1LGSFAI1hFSNJz,Cherry Bomb + Instrumentals,5V3Chnpno9oTI7JSPXKUf3,2015-04-13,31,False,0.633,180613,0.328,9,-9.564,0,0.0265,0.203,0.543,0.0941,0.206,75.035,4,[]
146,"Tyler, The Creator",RUN (feat. Chaz Bundick & ScHoolboy Q),1VZS61kwta2pHVTAXU9uU1,Cherry Bomb + Instrumentals,5V3Chnpno9oTI7JSPXKUf3,2015-04-13,33,True,0.411,69077,0.909,11,-5.234,0,0.169,0.00178,0.0,0.794,0.473,145.966,4,"['Chaz Bundick', 'ScHoolboy Q']"
148,"Tyler, The Creator",Jamba - Instrumental,0baPRr8t6ugIBZIS66w8uc,Wolf + Instrumentals,4jEKedq9rWPV9OXuMkrZCa,2013-04-01,26,False,0.839,200613,0.443,8,-7.034,1,0.438,0.00653,0.935,0.0995,0.284,80.06,4,[]
150,"Tyler, The Creator",Sandwitches,38WeksMjfHptObzOjrBzmK,Sandwitches,5DRfAXSvoEo2JQ1UnfGHSS,2011-02-15,30,True,0.576,291227,0.587,4,-9.763,1,0.222,0.0676,2.21e-06,0.204,0.373,152.468,4,['Hodgy']
151,"Tyler, The Creator","OKAGA, CA (feat. Alice Smith, Leon Ware & Clem Creevy)",3QZY1nrt8MKrlnotFwRwcm,Cherry Bomb + Instrumentals,5V3Chnpno9oTI7JSPXKUf3,2015-04-13,38,True,0.458,397384,0.64,2,-4.515,1,0.0419,0.00196,0.0288,0.0782,0.205,145.94,4,"['Alice Smith', 'Leon Ware', 'Clem Creevy']"
152,"Tyler, The Creator",Slater (feat. Frank Ocean),555VfdiQswEDceHER92qAK,Wolf + Instrumentals,4jEKedq9rWPV9OXuMkrZCa,2013-04-01,34,True,0.525,233879,0.607,1,-7.29,0,0.0824,0.0124,2.98e-05,0.0536,0.296,154.243,4,['Frank Ocean']
153,"Tyler, The Creator",Radicals,0uAELbqKOtfHlC2z4h59vP,Goblin,3scNeGKz8kAMDrYG5U971b,2011-05-09,25,True,0.562,438333,0.68,1,-8.015,1,0.498,0.154,0.0955,0.269,0.224,74.06,4,[]
154,"Tyler, The Creator",Golden,4epKryZszRKfshrXTyhmVg,Goblin,3scNeGKz8kAMDrYG5U971b,2011-05-09,22,True,0.46,343280,0.76,0,-6.734,1,0.364,0.442,0.00114,0.243,0.438,133.576,4,[]
156,"Tyler, The Creator",Slater - Instrumental,2blrvpb2ueHltASqIVsW0g,Wolf + Instrumentals,4jEKedq9rWPV9OXuMkrZCa,2013-04-01,25,False,0.688,234427,0.545,1,-5.558,0,0.0589,0.0395,0.616,0.0929,0.387,155.094,4,[]
158,"Tyler, The Creator",Treehome95 - Instrumental,53GpcuUGjcYVSVQVBg4Tys,Wolf + Instrumentals,4jEKedq9rWPV9OXuMkrZCa,2013-04-01,27,False,0.762,182853,0.576,8,-9.258,0,0.129,0.136,0.489,0.337,0.38,81.963,4,[]
159,"Tyler, The Creator",Colossus - Instrumental,6cm6JrItYA13xIiSSianOy,Wolf + Instrumentals,4jEKedq9rWPV9OXuMkrZCa,2013-04-01,26,False,0.393,219507,0.445,2,-10.558,1,0.195,0.109,0.854,0.0906,0.0629,179.039,4,[]
160,"Tyler, The Creator",Campfire - Instrumental,66cdtHTWQgMNwkd0lyJzQf,Wolf + Instrumentals,4jEKedq9rWPV9OXuMkrZCa,2013-04-01,28,False,0.701,148293,0.202,11,-8.903,0,0.0591,0.777,0.398,0.169,0.311,147.985,4,[]
161,"Tyler, The Creator",Nightmare,7c3pv0dJXJHvSeyT1ucQjJ,Goblin,3scNeGKz8kAMDrYG5U971b,2011-05-09,24,True,0.647,322000,0.627,7,-10.555,0,0.458,0.0143,0.0,0.14,0.636,87.804,4,[]
162,"Tyler, The Creator",PartyIsntOver - Instrumental,2b3Px7nCuLEWcyndcT3us4,Wolf + Instrumentals,4jEKedq9rWPV9OXuMkrZCa,2013-04-01,27,False,0.686,128387,0.642,0,-8.777,0,0.0433,0.00288,0.871,0.159,0.85,154.007,4,[]
164,"Tyler, The Creator",PILOT - Instrumental,3qNiRhFYfEbuvWvzQQ5p7d,Cherry Bomb + Instrumentals,5V3Chnpno9oTI7JSPXKUf3,2015-04-13,28,False,0.648,209787,0.821,8,-2.32,1,0.0301,5.77e-05,0.748,0.0647,0.526,109.998,4,[]
165,"Tyler, The Creator",2SEATER - Instrumental,2svpV0Ja1LtGq6eE7Pysu9,Cherry Bomb + Instrumentals,5V3Chnpno9oTI7JSPXKUf3,2015-04-13,29,False,0.401,410053,0.562,10,-9.597,0,0.213,0.272,0.0314,0.445,0.146,80.735,3,[]
166,"Tyler, The Creator","OKAGA, CA - Instrumental",0wt8YgYZVAIi8OpVTB7PZ7,Cherry Bomb + Instrumentals,5V3Chnpno9oTI7JSPXKUf3,2015-04-13,27,False,0.579,396853,0.534,2,-5.495,1,0.0304,0.000693,0.877,0.0653,0.151,145.967,4,[]
167,"Tyler, The Creator",Pigs - Instrumental,6W6ZtovTUzjVGw0EmxfKt2,Wolf + Instrumentals,4jEKedq9rWPV9OXuMkrZCa,2013-04-01,23,False,0.611,256400,0.599,1,-6.99,1,0.0398,0.00888,0.788,0.0698,0.382,77.027,4,[]
168,"Tyler, The Creator",Rusty - Instrumental,0HsEpiL0kzbiP7w6gehTuG,Wolf + Instrumentals,4jEKedq9rWPV9OXuMkrZCa,2013-04-01,25,False,0.667,308768,0.599,11,-5.631,1,0.0319,0.00286,0.636,0.147,0.229,81.993,4,[]
170,"Tyler, The Creator",Window,3wVgi2KoGYTOuzbBFlYiSc,Goblin,3scNeGKz8kAMDrYG5U971b,2011-05-09,23,True,0.505,480293,0.508,7,-11.191,1,0.449,0.11,0.0,0.283,0.206,132.304,4,"['Domo Genesis', 'Frank Ocean', 'Hodgy', 'Mike G']"
171,"Tyler, The Creator",Trashwang - Instrumental,2AoAiGanDanUdBQ4RvwYSX,Wolf + Instrumentals,4jEKedq9rWPV9OXuMkrZCa,2013-04-01,22,False,0.622,284200,0.407,11,-10.362,1,0.045,0.000421,0.815,0.437,0.04,67.007,4,[]
174,"Tyler, The Creator",Parking Lot (feat. Casey Veggies & Mike G),0et03kdULlRyUoTAPMvhju,Wolf + Instrumentals,4jEKedq9rWPV9OXuMkrZCa,2013-04-01,29,True,0.525,233933,0.508,1,-10.851,1,0.31,0.0933,0.0,0.641,0.451,80.934,4,"['Casey Veggies', 'Mike G']"
177,"Tyler, The Creator",KEEP DA O'S (feat. Pharrell Williams & Coco O.),0YOzUujSDOvSRahyn1Pkeb,Cherry Bomb + Instrumentals,5V3Chnpno9oTI7JSPXKUf3,2015-04-13,31,True,0.501,248544,0.596,6,-8.444,1,0.077,0.00814,0.00023,0.0666,0.204,139.929,3,"['Pharrell Williams', 'Coco O.']"
186,"Tyler, The Creator",Cowboy - Instrumental,4UOeofGICE10ZWlS6UkLNE,Wolf + Instrumentals,4jEKedq9rWPV9OXuMkrZCa,2013-04-01,27,False,0.847,196187,0.563,1,-8.914,1,0.0489,0.00268,0.845,0.103,0.84,159.941,4,[]
200,"Tyler, The Creator",Fish,31vEt94A8245gvj57uomBB,Goblin,3scNeGKz8kAMDrYG5U971b,2011-05-09,24,True,0.694,379627,0.505,8,-12.436,1,0.331,0.319,0.0,0.0809,0.212,119.271,4,[]
201,"Tyler, The Creator",WOLF - Instrumental,22LjwEKshG0rIXnbwAefGQ,Wolf + Instrumentals,4jEKedq9rWPV9OXuMkrZCa,2013-04-01,30,False,0.51,108827,0.282,1,-16.077,0,0.0368,0.163,0.857,0.0722,0.154,139.672,3,[]
202,"Tyler, The Creator",FIND YOUR WINGS - Instrumental,3xLUgT2u1LGSFAI1hFSNJz,Cherry Bomb + Instrumentals,5V3Chnpno9oTI7JSPXKUf3,2015-04-13,31,False,0.633,180613,0.328,9,-9.564,0,0.0265,0.203,0.543,0.0941,0.206,75.035,4,[]
203,"Tyler, The Creator",RUN (feat. Chaz Bundick & ScHoolboy Q),1VZS61kwta2pHVTAXU9uU1,Cherry Bomb + Instrumentals,5V3Chnpno9oTI7JSPXKUf3,2015-04-13,33,True,0.411,69077,0.909,11,-5.234,0,0.169,0.00178,0.0,0.794,0.473,145.966,4,"['Chaz Bundick', 'ScHoolboy Q']"
204,"Tyler, The Creator","BLOW MY LOAD (feat. Wanya Morris, Dâm-Funk, Austin Feinstein & Sydney Bennett)",57lHFW5RSl888Q1UionOXq,Cherry Bomb + Instrumentals,5V3Chnpno9oTI7JSPXKUf3,2015-04-13,40,True,0.397,190285,0.701,1,-7.328,1,0.0737,0.0127,0.000207,0.749,0.179,74.518,4,"['Wanya Morris', 'DāM-FunK', 'Austin Feinstein', 'Syd']"
206,"Tyler, The Creator",Jamba - Instrumental,0baPRr8t6ugIBZIS66w8uc,Wolf + Instrumentals,4jEKedq9rWPV9OXuMkrZCa,2013-04-01,26,False,0.839,200613,0.443,8,-7.034,1,0.438,0.00653,0.935,0.0995,0.284,80.06,4,[]
207,"Tyler, The Creator","Come On, Let's Go (with Nigo)",0XkfKPi9uT8DYCBc8gXIA9,I Know NIGO!,0BWO5NvsJ3VYoSEqf8YyRj,2022-03-25,27,False,0.733,199500,0.745,11,-7.978,1,0.0818,0.135,0.00102,0.188,0.461,145.783,4,['Nigo']
208,"Tyler, The Creator",B.S.D.,2rMuwsqCx6w28IM7NOwnXc,Goblin,3scNeGKz8kAMDrYG5U971b,2011-05-09,19,True,0.627,216160,0.47,1,-9.806,0,0.254,0.0116,0.0,0.294,0.271,67.015,4,"['Jasper Dolphin', 'Taco']"
210,"Tyler, The Creator",AU79,48VvSmLKQv4bKkcjtHlVZS,Goblin,3scNeGKz8kAMDrYG5U971b,2011-05-09,18,True,0.499,220253,0.344,6,-14.841,1,0.0495,0.0748,0.717,0.133,0.52,159.965,4,[]
212,"Tyler, The Creator",Sandwitches,38WeksMjfHptObzOjrBzmK,Sandwitches,5DRfAXSvoEo2JQ1UnfGHSS,2011-02-15,30,True,0.576,291227,0.587,4,-9.763,1,0.222,0.0676,2.21e-06,0.204,0.373,152.468,4,['Hodgy']
214,"Tyler, The Creator","OKAGA, CA (feat. Alice Smith, Leon Ware & Clem Creevy)",3QZY1nrt8MKrlnotFwRwcm,Cherry Bomb + Instrumentals,5V3Chnpno9oTI7JSPXKUf3,2015-04-13,38,True,0.458,397384,0.64,2,-4.515,1,0.0419,0.00196,0.0288,0.0782,0.205,145.94,4,"['Alice Smith', 'Leon Ware', 'Clem Creevy']"
215,"Tyler, The Creator",Slater (feat. Frank Ocean),555VfdiQswEDceHER92qAK,Wolf + Instrumentals,4jEKedq9rWPV9OXuMkrZCa,2013-04-01,34,True,0.525,233879,0.607,1,-7.29,0,0.0824,0.0124,2.98e-05,0.0536,0.296,154.243,4,['Frank Ocean']
216,"Tyler, The Creator",Sandwitches,0txYzTjClJ04QvICXiqjwq,Goblin,3scNeGKz8kAMDrYG5U971b,2011-05-09,21,True,0.576,291227,0.587,4,-9.763,1,0.222,0.0676,2.21e-06,0.204,0.373,152.468,4,['Hodgy']
217,"Tyler, The Creator",Radicals,0uAELbqKOtfHlC2z4h59vP,Goblin,3scNeGKz8kAMDrYG5U971b,2011-05-09,25,True,0.562,438333,0.68,1,-8.015,1,0.498,0.154,0.0955,0.269,0.224,74.06,4,[]
218,"Tyler, The Creator",Golden,4epKryZszRKfshrXTyhmVg,Goblin,3scNeGKz8kAMDrYG5U971b,2011-05-09,22,True,0.46,343280,0.76,0,-6.734,1,0.364,0.442,0.00114,0.243,0.438,133.576,4,[]
220,"Tyler, The Creator",Transylvania,54f4m5Pg5HEzsZQiaz2Dxp,Goblin,3scNeGKz8kAMDrYG5U971b,2011-05-09,23,True,0.572,192200,0.638,7,-11.868,1,0.424,0.0115,0.0104,0.201,0.197,122.448,4,[]
221,"Tyler, The Creator",THE BROWN STAINS OF DARKEESE LATIFAH PART 6-12 (REMIX) (feat. ScHoolboy Q),7E3FdWpPkWTCggsanYXj30,Cherry Bomb + Instrumentals,5V3Chnpno9oTI7JSPXKUf3,2015-04-13,35,True,0.63,191869,0.842,1,-5.636,0,0.316,0.000967,0.0,0.362,0.634,84.952,4,['ScHoolboy Q']
223,"Tyler, The Creator",Slater - Instrumental,2blrvpb2ueHltASqIVsW0g,Wolf + Instrumentals,4jEKedq9rWPV9OXuMkrZCa,2013-04-01,25,False,0.688,234427,0.545,1,-5.558,0,0.0589,0.0395,0.616,0.0929,0.387,155.094,4,[]
224,"Tyler, The Creator",Treehome95 - Instrumental,53GpcuUGjcYVSVQVBg4Tys,Wolf + Instrumentals,4jEKedq9rWPV9OXuMkrZCa,2013-04-01,27,False,0.762,182853,0.576,8,-9.258,0,0.129,0.136,0.489,0.337,0.38,81.963,4,[]
225,"Tyler, The Creator",Colossus - Instrumental,6cm6JrItYA13xIiSSianOy,Wolf + Instrumentals,4jEKedq9rWPV9OXuMkrZCa,2013-04-01,26,False,0.393,219507,0.445,2,-10.558,1,0.195,0.109,0.854,0.0906,0.0629,179.039,4,[]
226,"Tyler, The Creator",Campfire - Instrumental,66cdtHTWQgMNwkd0lyJzQf,Wolf + Instrumentals,4jEKedq9rWPV9OXuMkrZCa,2013-04-01,28,False,0.701,148293,0.202,11,-8.903,0,0.0591,0.777,0.398,0.169,0.311,147.985,4,[]
227,"Tyler, The Creator",Nightmare,7c3pv0dJXJHvSeyT1ucQjJ,Goblin,3scNeGKz8kAMDrYG5U971b,2011-05-09,24,True,0.647,322000,0.627,7,-10.555,0,0.458,0.0143,0.0,0.14,0.636,87.804,4,[]
228,"Tyler, The Creator",PartyIsntOver - Instrumental,2b3Px7nCuLEWcyndcT3us4,Wolf + Instrumentals,4jEKedq9rWPV9OXuMkrZCa,2013-04-01,27,False,0.686,128387,0.642,0,-8.777,0,0.0433,0.00288,0.871,0.159,0.85,154.007,4,[]
230,"Tyler, The Creator",PILOT - Instrumental,3qNiRhFYfEbuvWvzQQ5p7d,Cherry Bomb + Instrumentals,5V3Chnpno9oTI7JSPXKUf3,2015-04-13,28,False,0.648,209787,0.821,8,-2.32,1,0.0301,5.77e-05,0.748,0.0647,0.526,109.998,4,[]
231,"Tyler, The Creator",2SEATER - Instrumental,2svpV0Ja1LtGq6eE7Pysu9,Cherry Bomb + Instrumentals,5V3Chnpno9oTI7JSPXKUf3,2015-04-13,29,False,0.401,410053,0.562,10,-9.597,0,0.213,0.272,0.0314,0.445,0.146,80.735,3,[]
232,"Tyler, The Creator","OKAGA, CA - Instrumental",0wt8YgYZVAIi8OpVTB7PZ7,Cherry Bomb + Instrumentals,5V3Chnpno9oTI7JSPXKUf3,2015-04-13,27,False,0.579,396853,0.534,2,-5.495,1,0.0304,0.000693,0.877,0.0653,0.151,145.967,4,[]
233,"Tyler, The Creator",Pigs - Instrumental,6W6ZtovTUzjVGw0EmxfKt2,Wolf + Instrumentals,4jEKedq9rWPV9OXuMkrZCa,2013-04-01,23,False,0.611,256400,0.599,1,-6.99,1,0.0398,0.00888,0.788,0.0698,0.382,77.027,4,[]
234,"Tyler, The Creator",Rusty - Instrumental,0HsEpiL0kzbiP7w6gehTuG,Wolf + Instrumentals,4jEKedq9rWPV9OXuMkrZCa,2013-04-01,25,False,0.667,308768,0.599,11,-5.631,1,0.0319,0.00286,0.636,0.147,0.229,81.993,4,[]
236,"Tyler, The Creator",Window,3wVgi2KoGYTOuzbBFlYiSc,Goblin,3scNeGKz8kAMDrYG5U971b,2011-05-09,23,True,0.505,480293,0.508,7,-11.191,1,0.449,0.11,0.0,0.283,0.206,132.304,4,"['Domo Genesis', 'Frank Ocean', 'Hodgy', 'Mike G']"
237,"Tyler, The Creator",Domo23 - Instrumental,5jEZhuoyYx0voV0DJuPVJL,Wolf + Instrumentals,4jEKedq9rWPV9OXuMkrZCa,2013-04-01,24,False,0.749,159493,0.329,8,-10.346,0,0.475,0.0115,1.65e-05,0.058,0.18,133.034,4,[]
238,"Tyler, The Creator",Trashwang - Instrumental,2AoAiGanDanUdBQ4RvwYSX,Wolf + Instrumentals,4jEKedq9rWPV9OXuMkrZCa,2013-04-01,22,False,0.622,284200,0.407,11,-10.362,1,0.045,0.000421,0.815,0.437,0.04,67.007,4,[]
239,"Tyler, The Creator",EVERYTHING MUST GO,1Zcr6QZLrQVCriqBoJdqja,CALL ME IF YOU GET LOST: The Estate Sale,1GG6U2SSJPHO6XsFiBzxYv,2023-03-31,15,False,0.377,28428,0.448,1,-6.263,1,0.0983,0.806,7.38e-06,0.419,0.287,93.098,5,[]
243,"Tyler, The Creator",Parking Lot (feat. Casey Veggies & Mike G),0et03kdULlRyUoTAPMvhju,Wolf + Instrumentals,4jEKedq9rWPV9OXuMkrZCa,2013-04-01,29,True,0.525,233933,0.508,1,-10.851,1,0.31,0.0933,0.0,0.641,0.451,80.934,4,"['Casey Veggies', 'Mike G']"
244,"Tyler, The Creator",BLOW MY LOAD - Instrumental,2J1ix1qlk9WjgQzV5gSpO7,Cherry Bomb + Instrumentals,5V3Chnpno9oTI7JSPXKUf3,2015-04-13,29,False,0.406,176440,0.628,1,-7.22,1,0.0509,0.000154,0.0824,0.296,0.21,73.706,4,[]
246,"Tyler, The Creator",EXACTLY WHAT YOU RUN FROM YOU END UP CHASING,5e4LIAQI0bClLazNf2gZV0,IGOR,5zi7WsKlIiUXv09tbGLKsE,2019-05-17,11,False,0.0,14627,0.478,11,-16.569,0,0.0,0.927,0.0,0.335,0.0,0.0,0,[]
247,"Tyler, The Creator",KEEP DA O'S (feat. Pharrell Williams & Coco O.),0YOzUujSDOvSRahyn1Pkeb,Cherry Bomb + Instrumentals,5V3Chnpno9oTI7JSPXKUf3,2015-04-13,31,True,0.501,248544,0.596,6,-8.444,1,0.077,0.00814,0.00023,0.0666,0.204,139.929,3,"['Pharrell Williams', 'Coco O.']"
257,"Tyler, The Creator",DEATHCAMP - Instrumental,4rD9WSFNt2LbhVcqZqa5rp,Cherry Bomb + Instrumentals,5V3Chnpno9oTI7JSPXKUf3,2015-04-13,28,False,0.608,192560,0.537,10,-6.682,0,0.288,0.0241,0.506,0.112,0.563,204.082,4,[]
259,"Tyler, The Creator",Cowboy - Instrumental,4UOeofGICE10ZWlS6UkLNE,Wolf + Instrumentals,4jEKedq9rWPV9OXuMkrZCa,2013-04-01,27,False,0.847,196187,0.563,1,-8.914,1,0.0489,0.00268,0.845,0.103,0.84,159.941,4,[]
260,"Tyler, The Creator",CHERRY BOMB - Instrumental,5Sp0Qp4cmT5XXeJXfnrDAm,Cherry Bomb + Instrumentals,5V3Chnpno9oTI7JSPXKUf3,2015-04-13,25,False,0.747,269853,0.861,2,-2.671,1,0.0439,0.00194,0.837,0.44,0.224,133.88,4,[]
275,"Tyler, The Creator",RUN - Instrumental,0JUwpmBTwaXjdMTCnI5eNX,Cherry Bomb + Instrumentals,5V3Chnpno9oTI7JSPXKUf3,2015-04-13,24,False,0.592,70413,0.846,11,-6.561,0,0.0417,0.00224,0.04,0.422,0.504,145.925,4,[]
282,"Tyler, The Creator",Parking Lot - Instrumental,6UJ0uSZsAsT2sm4929OVEJ,Wolf + Instrumentals,4jEKedq9rWPV9OXuMkrZCa,2013-04-01,23,False,0.656,216347,0.46,2,-10.754,1,0.0577,0.139,0.617,0.0797,0.191,80.026,4,[]
283,"Tyler, The Creator",KEEP DA O'S - Instrumental,7Il5uRy0f42P1hXMIfa6iG,Cherry Bomb + Instrumentals,5V3Chnpno9oTI7JSPXKUf3,2015-04-13,23,False,0.56,250707,0.435,6,-9.91,1,0.0355,0.00776,0.731,0.0614,0.106,139.948,3,[]
284,"Tyler, The Creator",THE BROWN STAINS OF DARKEESE LATIFAH PART 6-12 (REMIX) - Instrumental,3MNMl544W55Fphu1do513b,Cherry Bomb + Instrumentals,5V3Chnpno9oTI7JSPXKUf3,2015-04-13,24,False,0.468,278240,0.789,1,-8.056,1,0.251,0.00061,0.279,0.113,0.0881,162.275,3,[]
292,"Tyler, The Creator",Yonkers,2YaT2YiSFVkOSo69v2ZfZL,PAY CLOSE ATTENTION: XL Recordings,4YepNDgdhc8RZvGFQ1dTU1,2014-08-25,14,True,0.712,249333,0.759,11,-5.397,1,0.334,0.0161,0.0808,0.217,0.738,79.102,4,[]
304,"Tyler, The Creator",Yonkers,2YaT2YiSFVkOSo69v2ZfZL,PAY CLOSE ATTENTION: XL Recordings,4YepNDgdhc8RZvGFQ1dTU1,2014-08-25,14,True,0.712,249333,0.759,11,-5.397,1,0.334,0.0161,0.0808,0.217,0.738,79.102,4,[]
